cm	fotos	estojo	personnalite	laminas	base	final
20	20	0	0	10	R$ 600,00	R$ 600,00
20	21	0	0	11	R$ 630,00	R$ 630,00
20	22	0	0	11	R$ 660,00	R$ 660,00
20	23	0	0	12	R$ 690,00	R$ 690,00
20	24	0	0	12	R$ 720,00	R$ 720,00
20	25	0	0	13	R$ 750,00	R$ 750,00
20	26	0	0	13	R$ 780,00	R$ 780,00
20	27	0	0	14	R$ 810,00	R$ 810,00
20	28	0	0	14	R$ 840,00	R$ 840,00
20	29	0	0	15	R$ 870,00	R$ 870,00
20	30	0	0	15	R$ 900,00	R$ 900,00
20	31	0	0	16	R$ 930,00	R$ 883,50
20	32	0	0	16	R$ 960,00	R$ 912,00
20	33	0	0	17	R$ 990,00	R$ 940,50
20	34	0	0	17	R$ 1.020,00	R$ 969,00
20	35	0	0	18	R$ 1.050,00	R$ 997,50
20	36	0	0	18	R$ 1.080,00	R$ 1.026,00
20	37	0	0	19	R$ 1.110,00	R$ 1.054,50
20	38	0	0	19	R$ 1.140,00	R$ 1.083,00
20	39	0	0	20	R$ 1.170,00	R$ 1.111,50
20	40	0	0	20	R$ 1.200,00	R$ 1.140,00
20	41	0	0	21	R$ 1.230,00	R$ 1.107,00
20	42	0	0	21	R$ 1.260,00	R$ 1.134,00
20	43	0	0	22	R$ 1.290,00	R$ 1.161,00
20	44	0	0	22	R$ 1.320,00	R$ 1.188,00
20	45	0	0	23	R$ 1.350,00	R$ 1.215,00
20	46	0	0	23	R$ 1.380,00	R$ 1.242,00
20	47	0	0	24	R$ 1.410,00	R$ 1.269,00
20	48	0	0	24	R$ 1.440,00	R$ 1.296,00
20	49	0	0	25	R$ 1.470,00	R$ 1.323,00
20	50	0	0	25	R$ 1.500,00	R$ 1.350,00
20	51	0	0	26	R$ 1.530,00	R$ 1.300,50
20	52	0	0	26	R$ 1.560,00	R$ 1.326,00
20	53	0	0	27	R$ 1.590,00	R$ 1.351,50
20	54	0	0	27	R$ 1.620,00	R$ 1.377,00
20	55	0	0	28	R$ 1.650,00	R$ 1.402,50
20	56	0	0	28	R$ 1.680,00	R$ 1.428,00
20	57	0	0	29	R$ 1.710,00	R$ 1.453,50
20	58	0	0	29	R$ 1.740,00	R$ 1.479,00
20	59	0	0	30	R$ 1.770,00	R$ 1.504,50
20	60	0	0	30	R$ 1.800,00	R$ 1.530,00
20	61	0	0	31	R$ 1.830,00	R$ 1.464,00
20	62	0	0	31	R$ 1.860,00	R$ 1.488,00
20	63	0	0	32	R$ 1.890,00	R$ 1.512,00
20	64	0	0	32	R$ 1.920,00	R$ 1.536,00
20	65	0	0	33	R$ 1.950,00	R$ 1.560,00
20	66	0	0	33	R$ 1.980,00	R$ 1.584,00
20	67	0	0	34	R$ 2.010,00	R$ 1.608,00
20	68	0	0	34	R$ 2.040,00	R$ 1.632,00
20	69	0	0	35	R$ 2.070,00	R$ 1.656,00
20	70	0	0	35	R$ 2.100,00	R$ 1.680,00
20	71	0	0	36	R$ 2.130,00	R$ 1.704,00
20	72	0	0	36	R$ 2.160,00	R$ 1.728,00
20	73	0	0	37	R$ 2.190,00	R$ 1.752,00
20	74	0	0	37	R$ 2.220,00	R$ 1.776,00
20	75	0	0	38	R$ 2.250,00	R$ 1.800,00
20	76	0	0	38	R$ 2.280,00	R$ 1.824,00
20	77	0	0	39	R$ 2.310,00	R$ 1.848,00
20	78	0	0	39	R$ 2.340,00	R$ 1.872,00
20	79	0	0	40	R$ 2.370,00	R$ 1.896,00
20	80	0	0	40	R$ 2.400,00	R$ 1.920,00
20	81	0	0	41	R$ 2.430,00	R$ 1.944,00
20	82	0	0	41	R$ 2.460,00	R$ 1.968,00
20	83	0	0	42	R$ 2.490,00	R$ 1.992,00
20	84	0	0	42	R$ 2.520,00	R$ 2.016,00
20	85	0	0	43	R$ 2.550,00	R$ 2.040,00
20	86	0	0	43	R$ 2.580,00	R$ 2.064,00
20	87	0	0	44	R$ 2.610,00	R$ 2.088,00
20	88	0	0	44	R$ 2.640,00	R$ 2.112,00
20	89	0	0	45	R$ 2.670,00	R$ 2.136,00
20	90	0	0	45	R$ 2.700,00	R$ 2.160,00
20	20	1	0	10	R$ 600,00	R$ 1.100,00
20	21	1	0	11	R$ 630,00	R$ 1.130,00
20	22	1	0	11	R$ 660,00	R$ 1.160,00
20	23	1	0	12	R$ 690,00	R$ 1.190,00
20	24	1	0	12	R$ 720,00	R$ 1.220,00
20	25	1	0	13	R$ 750,00	R$ 1.250,00
20	26	1	0	13	R$ 780,00	R$ 1.280,00
20	27	1	0	14	R$ 810,00	R$ 1.310,00
20	28	1	0	14	R$ 840,00	R$ 1.340,00
20	29	1	0	15	R$ 870,00	R$ 1.370,00
20	30	1	0	15	R$ 900,00	R$ 1.400,00
20	31	1	0	16	R$ 930,00	R$ 1.383,50
20	32	1	0	16	R$ 960,00	R$ 1.412,00
20	33	1	0	17	R$ 990,00	R$ 1.440,50
20	34	1	0	17	R$ 1.020,00	R$ 1.469,00
20	35	1	0	18	R$ 1.050,00	R$ 1.497,50
20	36	1	0	18	R$ 1.080,00	R$ 1.526,00
20	37	1	0	19	R$ 1.110,00	R$ 1.554,50
20	38	1	0	19	R$ 1.140,00	R$ 1.583,00
20	39	1	0	20	R$ 1.170,00	R$ 1.611,50
20	40	1	0	20	R$ 1.200,00	R$ 1.640,00
20	41	1	0	21	R$ 1.230,00	R$ 1.607,00
20	42	1	0	21	R$ 1.260,00	R$ 1.634,00
20	43	1	0	22	R$ 1.290,00	R$ 1.661,00
20	44	1	0	22	R$ 1.320,00	R$ 1.688,00
20	45	1	0	23	R$ 1.350,00	R$ 1.715,00
20	46	1	0	23	R$ 1.380,00	R$ 1.742,00
20	47	1	0	24	R$ 1.410,00	R$ 1.769,00
20	48	1	0	24	R$ 1.440,00	R$ 1.796,00
20	49	1	0	25	R$ 1.470,00	R$ 1.823,00
20	50	1	0	25	R$ 1.500,00	R$ 1.850,00
20	51	1	0	26	R$ 1.530,00	R$ 1.800,50
20	52	1	0	26	R$ 1.560,00	R$ 1.826,00
20	53	1	0	27	R$ 1.590,00	R$ 1.851,50
20	54	1	0	27	R$ 1.620,00	R$ 1.877,00
20	55	1	0	28	R$ 1.650,00	R$ 1.902,50
20	56	1	0	28	R$ 1.680,00	R$ 1.928,00
20	57	1	0	29	R$ 1.710,00	R$ 1.953,50
20	58	1	0	29	R$ 1.740,00	R$ 1.979,00
20	59	1	0	30	R$ 1.770,00	R$ 2.004,50
20	60	1	0	30	R$ 1.800,00	R$ 2.030,00
20	61	1	0	31	R$ 1.830,00	R$ 1.964,00
20	62	1	0	31	R$ 1.860,00	R$ 1.988,00
20	63	1	0	32	R$ 1.890,00	R$ 2.012,00
20	64	1	0	32	R$ 1.920,00	R$ 2.036,00
20	65	1	0	33	R$ 1.950,00	R$ 2.060,00
20	66	1	0	33	R$ 1.980,00	R$ 2.084,00
20	67	1	0	34	R$ 2.010,00	R$ 2.108,00
20	68	1	0	34	R$ 2.040,00	R$ 2.132,00
20	69	1	0	35	R$ 2.070,00	R$ 2.156,00
20	70	1	0	35	R$ 2.100,00	R$ 2.180,00
20	71	1	0	36	R$ 2.130,00	R$ 2.204,00
20	72	1	0	36	R$ 2.160,00	R$ 2.228,00
20	73	1	0	37	R$ 2.190,00	R$ 2.252,00
20	74	1	0	37	R$ 2.220,00	R$ 2.276,00
20	75	1	0	38	R$ 2.250,00	R$ 2.300,00
20	76	1	0	38	R$ 2.280,00	R$ 2.324,00
20	77	1	0	39	R$ 2.310,00	R$ 2.348,00
20	78	1	0	39	R$ 2.340,00	R$ 2.372,00
20	79	1	0	40	R$ 2.370,00	R$ 2.396,00
20	80	1	0	40	R$ 2.400,00	R$ 2.420,00
20	81	1	0	41	R$ 2.430,00	R$ 2.444,00
20	82	1	0	41	R$ 2.460,00	R$ 2.468,00
20	83	1	0	42	R$ 2.490,00	R$ 2.492,00
20	84	1	0	42	R$ 2.520,00	R$ 2.516,00
20	85	1	0	43	R$ 2.550,00	R$ 2.540,00
20	86	1	0	43	R$ 2.580,00	R$ 2.564,00
20	87	1	0	44	R$ 2.610,00	R$ 2.588,00
20	88	1	0	44	R$ 2.640,00	R$ 2.612,00
20	89	1	0	45	R$ 2.670,00	R$ 2.636,00
20	90	1	0	45	R$ 2.700,00	R$ 2.660,00
20	20	0	1	10	R$ 600,00	R$ 1.250,00
20	21	0	1	11	R$ 630,00	R$ 1.280,00
20	22	0	1	11	R$ 660,00	R$ 1.310,00
20	23	0	1	12	R$ 690,00	R$ 1.340,00
20	24	0	1	12	R$ 720,00	R$ 1.370,00
20	25	0	1	13	R$ 750,00	R$ 1.400,00
20	26	0	1	13	R$ 780,00	R$ 1.430,00
20	27	0	1	14	R$ 810,00	R$ 1.460,00
20	28	0	1	14	R$ 840,00	R$ 1.490,00
20	29	0	1	15	R$ 870,00	R$ 1.520,00
20	30	0	1	15	R$ 900,00	R$ 1.550,00
20	31	0	1	16	R$ 930,00	R$ 1.533,50
20	32	0	1	16	R$ 960,00	R$ 1.562,00
20	33	0	1	17	R$ 990,00	R$ 1.590,50
20	34	0	1	17	R$ 1.020,00	R$ 1.619,00
20	35	0	1	18	R$ 1.050,00	R$ 1.647,50
20	36	0	1	18	R$ 1.080,00	R$ 1.676,00
20	37	0	1	19	R$ 1.110,00	R$ 1.704,50
20	38	0	1	19	R$ 1.140,00	R$ 1.733,00
20	39	0	1	20	R$ 1.170,00	R$ 1.761,50
20	40	0	1	20	R$ 1.200,00	R$ 1.790,00
20	41	0	1	21	R$ 1.230,00	R$ 1.757,00
20	42	0	1	21	R$ 1.260,00	R$ 1.784,00
20	43	0	1	22	R$ 1.290,00	R$ 1.811,00
20	44	0	1	22	R$ 1.320,00	R$ 1.838,00
20	45	0	1	23	R$ 1.350,00	R$ 1.865,00
20	46	0	1	23	R$ 1.380,00	R$ 1.892,00
20	47	0	1	24	R$ 1.410,00	R$ 1.919,00
20	48	0	1	24	R$ 1.440,00	R$ 1.946,00
20	49	0	1	25	R$ 1.470,00	R$ 1.973,00
20	50	0	1	25	R$ 1.500,00	R$ 2.000,00
20	51	0	1	26	R$ 1.530,00	R$ 1.950,50
20	52	0	1	26	R$ 1.560,00	R$ 1.976,00
20	53	0	1	27	R$ 1.590,00	R$ 2.001,50
20	54	0	1	27	R$ 1.620,00	R$ 2.027,00
20	55	0	1	28	R$ 1.650,00	R$ 2.052,50
20	56	0	1	28	R$ 1.680,00	R$ 2.078,00
20	57	0	1	29	R$ 1.710,00	R$ 2.103,50
20	58	0	1	29	R$ 1.740,00	R$ 2.129,00
20	59	0	1	30	R$ 1.770,00	R$ 2.154,50
20	60	0	1	30	R$ 1.800,00	R$ 2.180,00
20	61	0	1	31	R$ 1.830,00	R$ 2.114,00
20	62	0	1	31	R$ 1.860,00	R$ 2.138,00
20	63	0	1	32	R$ 1.890,00	R$ 2.162,00
20	64	0	1	32	R$ 1.920,00	R$ 2.186,00
20	65	0	1	33	R$ 1.950,00	R$ 2.210,00
20	66	0	1	33	R$ 1.980,00	R$ 2.234,00
20	67	0	1	34	R$ 2.010,00	R$ 2.258,00
20	68	0	1	34	R$ 2.040,00	R$ 2.282,00
20	69	0	1	35	R$ 2.070,00	R$ 2.306,00
20	70	0	1	35	R$ 2.100,00	R$ 2.330,00
20	71	0	1	36	R$ 2.130,00	R$ 2.354,00
20	72	0	1	36	R$ 2.160,00	R$ 2.378,00
20	73	0	1	37	R$ 2.190,00	R$ 2.402,00
20	74	0	1	37	R$ 2.220,00	R$ 2.426,00
20	75	0	1	38	R$ 2.250,00	R$ 2.450,00
20	76	0	1	38	R$ 2.280,00	R$ 2.474,00
20	77	0	1	39	R$ 2.310,00	R$ 2.498,00
20	78	0	1	39	R$ 2.340,00	R$ 2.522,00
20	79	0	1	40	R$ 2.370,00	R$ 2.546,00
20	80	0	1	40	R$ 2.400,00	R$ 2.570,00
20	81	0	1	41	R$ 2.430,00	R$ 2.594,00
20	82	0	1	41	R$ 2.460,00	R$ 2.618,00
20	83	0	1	42	R$ 2.490,00	R$ 2.642,00
20	84	0	1	42	R$ 2.520,00	R$ 2.666,00
20	85	0	1	43	R$ 2.550,00	R$ 2.690,00
20	86	0	1	43	R$ 2.580,00	R$ 2.714,00
20	87	0	1	44	R$ 2.610,00	R$ 2.738,00
20	88	0	1	44	R$ 2.640,00	R$ 2.762,00
20	89	0	1	45	R$ 2.670,00	R$ 2.786,00
20	90	0	1	45	R$ 2.700,00	R$ 2.810,00
20	20	1	1	10	R$ 600,00	R$ 1.750,00
20	21	1	1	11	R$ 630,00	R$ 1.780,00
20	22	1	1	11	R$ 660,00	R$ 1.810,00
20	23	1	1	12	R$ 690,00	R$ 1.840,00
20	24	1	1	12	R$ 720,00	R$ 1.870,00
20	25	1	1	13	R$ 750,00	R$ 1.900,00
20	26	1	1	13	R$ 780,00	R$ 1.930,00
20	27	1	1	14	R$ 810,00	R$ 1.960,00
20	28	1	1	14	R$ 840,00	R$ 1.990,00
20	29	1	1	15	R$ 870,00	R$ 2.020,00
20	30	1	1	15	R$ 900,00	R$ 2.050,00
20	31	1	1	16	R$ 930,00	R$ 2.033,50
20	32	1	1	16	R$ 960,00	R$ 2.062,00
20	33	1	1	17	R$ 990,00	R$ 2.090,50
20	34	1	1	17	R$ 1.020,00	R$ 2.119,00
20	35	1	1	18	R$ 1.050,00	R$ 2.147,50
20	36	1	1	18	R$ 1.080,00	R$ 2.176,00
20	37	1	1	19	R$ 1.110,00	R$ 2.204,50
20	38	1	1	19	R$ 1.140,00	R$ 2.233,00
20	39	1	1	20	R$ 1.170,00	R$ 2.261,50
20	40	1	1	20	R$ 1.200,00	R$ 2.290,00
20	41	1	1	21	R$ 1.230,00	R$ 2.257,00
20	42	1	1	21	R$ 1.260,00	R$ 2.284,00
20	43	1	1	22	R$ 1.290,00	R$ 2.311,00
20	44	1	1	22	R$ 1.320,00	R$ 2.338,00
20	45	1	1	23	R$ 1.350,00	R$ 2.365,00
20	46	1	1	23	R$ 1.380,00	R$ 2.392,00
20	47	1	1	24	R$ 1.410,00	R$ 2.419,00
20	48	1	1	24	R$ 1.440,00	R$ 2.446,00
20	49	1	1	25	R$ 1.470,00	R$ 2.473,00
20	50	1	1	25	R$ 1.500,00	R$ 2.500,00
20	51	1	1	26	R$ 1.530,00	R$ 2.450,50
20	52	1	1	26	R$ 1.560,00	R$ 2.476,00
20	53	1	1	27	R$ 1.590,00	R$ 2.501,50
20	54	1	1	27	R$ 1.620,00	R$ 2.527,00
20	55	1	1	28	R$ 1.650,00	R$ 2.552,50
20	56	1	1	28	R$ 1.680,00	R$ 2.578,00
20	57	1	1	29	R$ 1.710,00	R$ 2.603,50
20	58	1	1	29	R$ 1.740,00	R$ 2.629,00
20	59	1	1	30	R$ 1.770,00	R$ 2.654,50
20	60	1	1	30	R$ 1.800,00	R$ 2.680,00
20	61	1	1	31	R$ 1.830,00	R$ 2.614,00
20	62	1	1	31	R$ 1.860,00	R$ 2.638,00
20	63	1	1	32	R$ 1.890,00	R$ 2.662,00
20	64	1	1	32	R$ 1.920,00	R$ 2.686,00
20	65	1	1	33	R$ 1.950,00	R$ 2.710,00
20	66	1	1	33	R$ 1.980,00	R$ 2.734,00
20	67	1	1	34	R$ 2.010,00	R$ 2.758,00
20	68	1	1	34	R$ 2.040,00	R$ 2.782,00
20	69	1	1	35	R$ 2.070,00	R$ 2.806,00
20	70	1	1	35	R$ 2.100,00	R$ 2.830,00
20	71	1	1	36	R$ 2.130,00	R$ 2.854,00
20	72	1	1	36	R$ 2.160,00	R$ 2.878,00
20	73	1	1	37	R$ 2.190,00	R$ 2.902,00
20	74	1	1	37	R$ 2.220,00	R$ 2.926,00
20	75	1	1	38	R$ 2.250,00	R$ 2.950,00
20	76	1	1	38	R$ 2.280,00	R$ 2.974,00
20	77	1	1	39	R$ 2.310,00	R$ 2.998,00
20	78	1	1	39	R$ 2.340,00	R$ 3.022,00
20	79	1	1	40	R$ 2.370,00	R$ 3.046,00
20	80	1	1	40	R$ 2.400,00	R$ 3.070,00
20	81	1	1	41	R$ 2.430,00	R$ 3.094,00
20	82	1	1	41	R$ 2.460,00	R$ 3.118,00
20	83	1	1	42	R$ 2.490,00	R$ 3.142,00
20	84	1	1	42	R$ 2.520,00	R$ 3.166,00
20	85	1	1	43	R$ 2.550,00	R$ 3.190,00
20	86	1	1	43	R$ 2.580,00	R$ 3.214,00
20	87	1	1	44	R$ 2.610,00	R$ 3.238,00
20	88	1	1	44	R$ 2.640,00	R$ 3.262,00
20	89	1	1	45	R$ 2.670,00	R$ 3.286,00
20	90	1	1	45	R$ 2.700,00	R$ 3.310,00
25	25	0	0	10	R$ 750,00	R$ 750,00
25	26	0	0	10	R$ 780,00	R$ 780,00
25	27	0	0	11	R$ 810,00	R$ 810,00
25	28	0	0	11	R$ 840,00	R$ 840,00
25	29	0	0	12	R$ 870,00	R$ 870,00
25	30	0	0	12	R$ 900,00	R$ 900,00
25	31	0	0	12	R$ 930,00	R$ 930,00
25	32	0	0	13	R$ 960,00	R$ 960,00
25	33	0	0	13	R$ 990,00	R$ 990,00
25	34	0	0	14	R$ 1.020,00	R$ 1.020,00
25	35	0	0	14	R$ 1.050,00	R$ 1.050,00
25	36	0	0	14	R$ 1.080,00	R$ 1.080,00
25	37	0	0	15	R$ 1.110,00	R$ 1.110,00
25	38	0	0	15	R$ 1.140,00	R$ 1.140,00
25	39	0	0	16	R$ 1.170,00	R$ 1.111,50
25	40	0	0	16	R$ 1.200,00	R$ 1.140,00
25	41	0	0	16	R$ 1.230,00	R$ 1.168,50
25	42	0	0	17	R$ 1.260,00	R$ 1.197,00
25	43	0	0	17	R$ 1.290,00	R$ 1.225,50
25	44	0	0	18	R$ 1.320,00	R$ 1.254,00
25	45	0	0	18	R$ 1.350,00	R$ 1.282,50
25	46	0	0	18	R$ 1.380,00	R$ 1.311,00
25	47	0	0	19	R$ 1.410,00	R$ 1.339,50
25	48	0	0	19	R$ 1.440,00	R$ 1.368,00
25	49	0	0	20	R$ 1.470,00	R$ 1.396,50
25	50	0	0	20	R$ 1.500,00	R$ 1.425,00
25	51	0	0	20	R$ 1.530,00	R$ 1.453,50
25	52	0	0	21	R$ 1.560,00	R$ 1.404,00
25	53	0	0	21	R$ 1.590,00	R$ 1.431,00
25	54	0	0	22	R$ 1.620,00	R$ 1.458,00
25	55	0	0	22	R$ 1.650,00	R$ 1.485,00
25	56	0	0	22	R$ 1.680,00	R$ 1.512,00
25	57	0	0	23	R$ 1.710,00	R$ 1.539,00
25	58	0	0	23	R$ 1.740,00	R$ 1.566,00
25	59	0	0	24	R$ 1.770,00	R$ 1.593,00
25	60	0	0	24	R$ 1.800,00	R$ 1.620,00
25	61	0	0	24	R$ 1.830,00	R$ 1.647,00
25	62	0	0	25	R$ 1.860,00	R$ 1.674,00
25	63	0	0	25	R$ 1.890,00	R$ 1.701,00
25	64	0	0	26	R$ 1.920,00	R$ 1.632,00
25	65	0	0	26	R$ 1.950,00	R$ 1.657,50
25	66	0	0	26	R$ 1.980,00	R$ 1.683,00
25	67	0	0	27	R$ 2.010,00	R$ 1.708,50
25	68	0	0	27	R$ 2.040,00	R$ 1.734,00
25	69	0	0	28	R$ 2.070,00	R$ 1.759,50
25	70	0	0	28	R$ 2.100,00	R$ 1.785,00
25	71	0	0	28	R$ 2.130,00	R$ 1.810,50
25	72	0	0	29	R$ 2.160,00	R$ 1.836,00
25	73	0	0	29	R$ 2.190,00	R$ 1.861,50
25	74	0	0	30	R$ 2.220,00	R$ 1.887,00
25	75	0	0	30	R$ 2.250,00	R$ 1.912,50
25	76	0	0	30	R$ 2.280,00	R$ 1.938,00
25	77	0	0	31	R$ 2.310,00	R$ 1.848,00
25	78	0	0	31	R$ 2.340,00	R$ 1.872,00
25	79	0	0	32	R$ 2.370,00	R$ 1.896,00
25	80	0	0	32	R$ 2.400,00	R$ 1.920,00
25	81	0	0	32	R$ 2.430,00	R$ 1.944,00
25	82	0	0	33	R$ 2.460,00	R$ 1.968,00
25	83	0	0	33	R$ 2.490,00	R$ 1.992,00
25	84	0	0	34	R$ 2.520,00	R$ 2.016,00
25	85	0	0	34	R$ 2.550,00	R$ 2.040,00
25	86	0	0	34	R$ 2.580,00	R$ 2.064,00
25	87	0	0	35	R$ 2.610,00	R$ 2.088,00
25	88	0	0	35	R$ 2.640,00	R$ 2.112,00
25	89	0	0	36	R$ 2.670,00	R$ 2.136,00
25	90	0	0	36	R$ 2.700,00	R$ 2.160,00
25	91	0	0	36	R$ 2.730,00	R$ 2.184,00
25	92	0	0	37	R$ 2.760,00	R$ 2.208,00
25	93	0	0	37	R$ 2.790,00	R$ 2.232,00
25	94	0	0	38	R$ 2.820,00	R$ 2.256,00
25	95	0	0	38	R$ 2.850,00	R$ 2.280,00
25	96	0	0	38	R$ 2.880,00	R$ 2.304,00
25	97	0	0	39	R$ 2.910,00	R$ 2.328,00
25	98	0	0	39	R$ 2.940,00	R$ 2.352,00
25	99	0	0	40	R$ 2.970,00	R$ 2.376,00
25	100	0	0	40	R$ 3.000,00	R$ 2.400,00
25	101	0	0	40	R$ 3.030,00	R$ 2.424,00
25	102	0	0	41	R$ 3.060,00	R$ 2.448,00
25	103	0	0	41	R$ 3.090,00	R$ 2.472,00
25	104	0	0	42	R$ 3.120,00	R$ 2.496,00
25	105	0	0	42	R$ 3.150,00	R$ 2.520,00
25	106	0	0	42	R$ 3.180,00	R$ 2.544,00
25	107	0	0	43	R$ 3.210,00	R$ 2.568,00
25	108	0	0	43	R$ 3.240,00	R$ 2.592,00
25	109	0	0	44	R$ 3.270,00	R$ 2.616,00
25	110	0	0	44	R$ 3.300,00	R$ 2.640,00
25	111	0	0	44	R$ 3.330,00	R$ 2.664,00
25	112	0	0	45	R$ 3.360,00	R$ 2.688,00
25	113	0	0	45	R$ 3.390,00	R$ 2.712,00
25	25	1	0	10	R$ 750,00	R$ 1.250,00
25	26	1	0	10	R$ 780,00	R$ 1.280,00
25	27	1	0	11	R$ 810,00	R$ 1.310,00
25	28	1	0	11	R$ 840,00	R$ 1.340,00
25	29	1	0	12	R$ 870,00	R$ 1.370,00
25	30	1	0	12	R$ 900,00	R$ 1.400,00
25	31	1	0	12	R$ 930,00	R$ 1.430,00
25	32	1	0	13	R$ 960,00	R$ 1.460,00
25	33	1	0	13	R$ 990,00	R$ 1.490,00
25	34	1	0	14	R$ 1.020,00	R$ 1.520,00
25	35	1	0	14	R$ 1.050,00	R$ 1.550,00
25	36	1	0	14	R$ 1.080,00	R$ 1.580,00
25	37	1	0	15	R$ 1.110,00	R$ 1.610,00
25	38	1	0	15	R$ 1.140,00	R$ 1.640,00
25	39	1	0	16	R$ 1.170,00	R$ 1.611,50
25	40	1	0	16	R$ 1.200,00	R$ 1.640,00
25	41	1	0	16	R$ 1.230,00	R$ 1.668,50
25	42	1	0	17	R$ 1.260,00	R$ 1.697,00
25	43	1	0	17	R$ 1.290,00	R$ 1.725,50
25	44	1	0	18	R$ 1.320,00	R$ 1.754,00
25	45	1	0	18	R$ 1.350,00	R$ 1.782,50
25	46	1	0	18	R$ 1.380,00	R$ 1.811,00
25	47	1	0	19	R$ 1.410,00	R$ 1.839,50
25	48	1	0	19	R$ 1.440,00	R$ 1.868,00
25	49	1	0	20	R$ 1.470,00	R$ 1.896,50
25	50	1	0	20	R$ 1.500,00	R$ 1.925,00
25	51	1	0	20	R$ 1.530,00	R$ 1.953,50
25	52	1	0	21	R$ 1.560,00	R$ 1.904,00
25	53	1	0	21	R$ 1.590,00	R$ 1.931,00
25	54	1	0	22	R$ 1.620,00	R$ 1.958,00
25	55	1	0	22	R$ 1.650,00	R$ 1.985,00
25	56	1	0	22	R$ 1.680,00	R$ 2.012,00
25	57	1	0	23	R$ 1.710,00	R$ 2.039,00
25	58	1	0	23	R$ 1.740,00	R$ 2.066,00
25	59	1	0	24	R$ 1.770,00	R$ 2.093,00
25	60	1	0	24	R$ 1.800,00	R$ 2.120,00
25	61	1	0	24	R$ 1.830,00	R$ 2.147,00
25	62	1	0	25	R$ 1.860,00	R$ 2.174,00
25	63	1	0	25	R$ 1.890,00	R$ 2.201,00
25	64	1	0	26	R$ 1.920,00	R$ 2.132,00
25	65	1	0	26	R$ 1.950,00	R$ 2.157,50
25	66	1	0	26	R$ 1.980,00	R$ 2.183,00
25	67	1	0	27	R$ 2.010,00	R$ 2.208,50
25	68	1	0	27	R$ 2.040,00	R$ 2.234,00
25	69	1	0	28	R$ 2.070,00	R$ 2.259,50
25	70	1	0	28	R$ 2.100,00	R$ 2.285,00
25	71	1	0	28	R$ 2.130,00	R$ 2.310,50
25	72	1	0	29	R$ 2.160,00	R$ 2.336,00
25	73	1	0	29	R$ 2.190,00	R$ 2.361,50
25	74	1	0	30	R$ 2.220,00	R$ 2.387,00
25	75	1	0	30	R$ 2.250,00	R$ 2.412,50
25	76	1	0	30	R$ 2.280,00	R$ 2.438,00
25	77	1	0	31	R$ 2.310,00	R$ 2.348,00
25	78	1	0	31	R$ 2.340,00	R$ 2.372,00
25	79	1	0	32	R$ 2.370,00	R$ 2.396,00
25	80	1	0	32	R$ 2.400,00	R$ 2.420,00
25	81	1	0	32	R$ 2.430,00	R$ 2.444,00
25	82	1	0	33	R$ 2.460,00	R$ 2.468,00
25	83	1	0	33	R$ 2.490,00	R$ 2.492,00
25	84	1	0	34	R$ 2.520,00	R$ 2.516,00
25	85	1	0	34	R$ 2.550,00	R$ 2.540,00
25	86	1	0	34	R$ 2.580,00	R$ 2.564,00
25	87	1	0	35	R$ 2.610,00	R$ 2.588,00
25	88	1	0	35	R$ 2.640,00	R$ 2.612,00
25	89	1	0	36	R$ 2.670,00	R$ 2.636,00
25	90	1	0	36	R$ 2.700,00	R$ 2.660,00
25	91	1	0	36	R$ 2.730,00	R$ 2.684,00
25	92	1	0	37	R$ 2.760,00	R$ 2.708,00
25	93	1	0	37	R$ 2.790,00	R$ 2.732,00
25	94	1	0	38	R$ 2.820,00	R$ 2.756,00
25	95	1	0	38	R$ 2.850,00	R$ 2.780,00
25	96	1	0	38	R$ 2.880,00	R$ 2.804,00
25	97	1	0	39	R$ 2.910,00	R$ 2.828,00
25	98	1	0	39	R$ 2.940,00	R$ 2.852,00
25	99	1	0	40	R$ 2.970,00	R$ 2.876,00
25	100	1	0	40	R$ 3.000,00	R$ 2.900,00
25	101	1	0	40	R$ 3.030,00	R$ 2.924,00
25	102	1	0	41	R$ 3.060,00	R$ 2.948,00
25	103	1	0	41	R$ 3.090,00	R$ 2.972,00
25	104	1	0	42	R$ 3.120,00	R$ 2.996,00
25	105	1	0	42	R$ 3.150,00	R$ 3.020,00
25	106	1	0	42	R$ 3.180,00	R$ 3.044,00
25	107	1	0	43	R$ 3.210,00	R$ 3.068,00
25	108	1	0	43	R$ 3.240,00	R$ 3.092,00
25	109	1	0	44	R$ 3.270,00	R$ 3.116,00
25	110	1	0	44	R$ 3.300,00	R$ 3.140,00
25	111	1	0	44	R$ 3.330,00	R$ 3.164,00
25	112	1	0	45	R$ 3.360,00	R$ 3.188,00
25	113	1	0	45	R$ 3.390,00	R$ 3.212,00
25	25	0	1	10	R$ 750,00	R$ 1.400,00
25	26	0	1	10	R$ 780,00	R$ 1.430,00
25	27	0	1	11	R$ 810,00	R$ 1.460,00
25	28	0	1	11	R$ 840,00	R$ 1.490,00
25	29	0	1	12	R$ 870,00	R$ 1.520,00
25	30	0	1	12	R$ 900,00	R$ 1.550,00
25	31	0	1	12	R$ 930,00	R$ 1.580,00
25	32	0	1	13	R$ 960,00	R$ 1.610,00
25	33	0	1	13	R$ 990,00	R$ 1.640,00
25	34	0	1	14	R$ 1.020,00	R$ 1.670,00
25	35	0	1	14	R$ 1.050,00	R$ 1.700,00
25	36	0	1	14	R$ 1.080,00	R$ 1.730,00
25	37	0	1	15	R$ 1.110,00	R$ 1.760,00
25	38	0	1	15	R$ 1.140,00	R$ 1.790,00
25	39	0	1	16	R$ 1.170,00	R$ 1.761,50
25	40	0	1	16	R$ 1.200,00	R$ 1.790,00
25	41	0	1	16	R$ 1.230,00	R$ 1.818,50
25	42	0	1	17	R$ 1.260,00	R$ 1.847,00
25	43	0	1	17	R$ 1.290,00	R$ 1.875,50
25	44	0	1	18	R$ 1.320,00	R$ 1.904,00
25	45	0	1	18	R$ 1.350,00	R$ 1.932,50
25	46	0	1	18	R$ 1.380,00	R$ 1.961,00
25	47	0	1	19	R$ 1.410,00	R$ 1.989,50
25	48	0	1	19	R$ 1.440,00	R$ 2.018,00
25	49	0	1	20	R$ 1.470,00	R$ 2.046,50
25	50	0	1	20	R$ 1.500,00	R$ 2.075,00
25	51	0	1	20	R$ 1.530,00	R$ 2.103,50
25	52	0	1	21	R$ 1.560,00	R$ 2.054,00
25	53	0	1	21	R$ 1.590,00	R$ 2.081,00
25	54	0	1	22	R$ 1.620,00	R$ 2.108,00
25	55	0	1	22	R$ 1.650,00	R$ 2.135,00
25	56	0	1	22	R$ 1.680,00	R$ 2.162,00
25	57	0	1	23	R$ 1.710,00	R$ 2.189,00
25	58	0	1	23	R$ 1.740,00	R$ 2.216,00
25	59	0	1	24	R$ 1.770,00	R$ 2.243,00
25	60	0	1	24	R$ 1.800,00	R$ 2.270,00
25	61	0	1	24	R$ 1.830,00	R$ 2.297,00
25	62	0	1	25	R$ 1.860,00	R$ 2.324,00
25	63	0	1	25	R$ 1.890,00	R$ 2.351,00
25	64	0	1	26	R$ 1.920,00	R$ 2.282,00
25	65	0	1	26	R$ 1.950,00	R$ 2.307,50
25	66	0	1	26	R$ 1.980,00	R$ 2.333,00
25	67	0	1	27	R$ 2.010,00	R$ 2.358,50
25	68	0	1	27	R$ 2.040,00	R$ 2.384,00
25	69	0	1	28	R$ 2.070,00	R$ 2.409,50
25	70	0	1	28	R$ 2.100,00	R$ 2.435,00
25	71	0	1	28	R$ 2.130,00	R$ 2.460,50
25	72	0	1	29	R$ 2.160,00	R$ 2.486,00
25	73	0	1	29	R$ 2.190,00	R$ 2.511,50
25	74	0	1	30	R$ 2.220,00	R$ 2.537,00
25	75	0	1	30	R$ 2.250,00	R$ 2.562,50
25	76	0	1	30	R$ 2.280,00	R$ 2.588,00
25	77	0	1	31	R$ 2.310,00	R$ 2.498,00
25	78	0	1	31	R$ 2.340,00	R$ 2.522,00
25	79	0	1	32	R$ 2.370,00	R$ 2.546,00
25	80	0	1	32	R$ 2.400,00	R$ 2.570,00
25	81	0	1	32	R$ 2.430,00	R$ 2.594,00
25	82	0	1	33	R$ 2.460,00	R$ 2.618,00
25	83	0	1	33	R$ 2.490,00	R$ 2.642,00
25	84	0	1	34	R$ 2.520,00	R$ 2.666,00
25	85	0	1	34	R$ 2.550,00	R$ 2.690,00
25	86	0	1	34	R$ 2.580,00	R$ 2.714,00
25	87	0	1	35	R$ 2.610,00	R$ 2.738,00
25	88	0	1	35	R$ 2.640,00	R$ 2.762,00
25	89	0	1	36	R$ 2.670,00	R$ 2.786,00
25	90	0	1	36	R$ 2.700,00	R$ 2.810,00
25	91	0	1	36	R$ 2.730,00	R$ 2.834,00
25	92	0	1	37	R$ 2.760,00	R$ 2.858,00
25	93	0	1	37	R$ 2.790,00	R$ 2.882,00
25	94	0	1	38	R$ 2.820,00	R$ 2.906,00
25	95	0	1	38	R$ 2.850,00	R$ 2.930,00
25	96	0	1	38	R$ 2.880,00	R$ 2.954,00
25	97	0	1	39	R$ 2.910,00	R$ 2.978,00
25	98	0	1	39	R$ 2.940,00	R$ 3.002,00
25	99	0	1	40	R$ 2.970,00	R$ 3.026,00
25	100	0	1	40	R$ 3.000,00	R$ 3.050,00
25	101	0	1	40	R$ 3.030,00	R$ 3.074,00
25	102	0	1	41	R$ 3.060,00	R$ 3.098,00
25	103	0	1	41	R$ 3.090,00	R$ 3.122,00
25	104	0	1	42	R$ 3.120,00	R$ 3.146,00
25	105	0	1	42	R$ 3.150,00	R$ 3.170,00
25	106	0	1	42	R$ 3.180,00	R$ 3.194,00
25	107	0	1	43	R$ 3.210,00	R$ 3.218,00
25	108	0	1	43	R$ 3.240,00	R$ 3.242,00
25	109	0	1	44	R$ 3.270,00	R$ 3.266,00
25	110	0	1	44	R$ 3.300,00	R$ 3.290,00
25	111	0	1	44	R$ 3.330,00	R$ 3.314,00
25	112	0	1	45	R$ 3.360,00	R$ 3.338,00
25	113	0	1	45	R$ 3.390,00	R$ 3.362,00
25	25	1	1	10	R$ 750,00	R$ 1.900,00
25	26	1	1	10	R$ 780,00	R$ 1.930,00
25	27	1	1	11	R$ 810,00	R$ 1.960,00
25	28	1	1	11	R$ 840,00	R$ 1.990,00
25	29	1	1	12	R$ 870,00	R$ 2.020,00
25	30	1	1	12	R$ 900,00	R$ 2.050,00
25	31	1	1	12	R$ 930,00	R$ 2.080,00
25	32	1	1	13	R$ 960,00	R$ 2.110,00
25	33	1	1	13	R$ 990,00	R$ 2.140,00
25	34	1	1	14	R$ 1.020,00	R$ 2.170,00
25	35	1	1	14	R$ 1.050,00	R$ 2.200,00
25	36	1	1	14	R$ 1.080,00	R$ 2.230,00
25	37	1	1	15	R$ 1.110,00	R$ 2.260,00
25	38	1	1	15	R$ 1.140,00	R$ 2.290,00
25	39	1	1	16	R$ 1.170,00	R$ 2.261,50
25	40	1	1	16	R$ 1.200,00	R$ 2.290,00
25	41	1	1	16	R$ 1.230,00	R$ 2.318,50
25	42	1	1	17	R$ 1.260,00	R$ 2.347,00
25	43	1	1	17	R$ 1.290,00	R$ 2.375,50
25	44	1	1	18	R$ 1.320,00	R$ 2.404,00
25	45	1	1	18	R$ 1.350,00	R$ 2.432,50
25	46	1	1	18	R$ 1.380,00	R$ 2.461,00
25	47	1	1	19	R$ 1.410,00	R$ 2.489,50
25	48	1	1	19	R$ 1.440,00	R$ 2.518,00
25	49	1	1	20	R$ 1.470,00	R$ 2.546,50
25	50	1	1	20	R$ 1.500,00	R$ 2.575,00
25	51	1	1	20	R$ 1.530,00	R$ 2.603,50
25	52	1	1	21	R$ 1.560,00	R$ 2.554,00
25	53	1	1	21	R$ 1.590,00	R$ 2.581,00
25	54	1	1	22	R$ 1.620,00	R$ 2.608,00
25	55	1	1	22	R$ 1.650,00	R$ 2.635,00
25	56	1	1	22	R$ 1.680,00	R$ 2.662,00
25	57	1	1	23	R$ 1.710,00	R$ 2.689,00
25	58	1	1	23	R$ 1.740,00	R$ 2.716,00
25	59	1	1	24	R$ 1.770,00	R$ 2.743,00
25	60	1	1	24	R$ 1.800,00	R$ 2.770,00
25	61	1	1	24	R$ 1.830,00	R$ 2.797,00
25	62	1	1	25	R$ 1.860,00	R$ 2.824,00
25	63	1	1	25	R$ 1.890,00	R$ 2.851,00
25	64	1	1	26	R$ 1.920,00	R$ 2.782,00
25	65	1	1	26	R$ 1.950,00	R$ 2.807,50
25	66	1	1	26	R$ 1.980,00	R$ 2.833,00
25	67	1	1	27	R$ 2.010,00	R$ 2.858,50
25	68	1	1	27	R$ 2.040,00	R$ 2.884,00
25	69	1	1	28	R$ 2.070,00	R$ 2.909,50
25	70	1	1	28	R$ 2.100,00	R$ 2.935,00
25	71	1	1	28	R$ 2.130,00	R$ 2.960,50
25	72	1	1	29	R$ 2.160,00	R$ 2.986,00
25	73	1	1	29	R$ 2.190,00	R$ 3.011,50
25	74	1	1	30	R$ 2.220,00	R$ 3.037,00
25	75	1	1	30	R$ 2.250,00	R$ 3.062,50
25	76	1	1	30	R$ 2.280,00	R$ 3.088,00
25	77	1	1	31	R$ 2.310,00	R$ 2.998,00
25	78	1	1	31	R$ 2.340,00	R$ 3.022,00
25	79	1	1	32	R$ 2.370,00	R$ 3.046,00
25	80	1	1	32	R$ 2.400,00	R$ 3.070,00
25	81	1	1	32	R$ 2.430,00	R$ 3.094,00
25	82	1	1	33	R$ 2.460,00	R$ 3.118,00
25	83	1	1	33	R$ 2.490,00	R$ 3.142,00
25	84	1	1	34	R$ 2.520,00	R$ 3.166,00
25	85	1	1	34	R$ 2.550,00	R$ 3.190,00
25	86	1	1	34	R$ 2.580,00	R$ 3.214,00
25	87	1	1	35	R$ 2.610,00	R$ 3.238,00
25	88	1	1	35	R$ 2.640,00	R$ 3.262,00
25	89	1	1	36	R$ 2.670,00	R$ 3.286,00
25	90	1	1	36	R$ 2.700,00	R$ 3.310,00
25	91	1	1	36	R$ 2.730,00	R$ 3.334,00
25	92	1	1	37	R$ 2.760,00	R$ 3.358,00
25	93	1	1	37	R$ 2.790,00	R$ 3.382,00
25	94	1	1	38	R$ 2.820,00	R$ 3.406,00
25	95	1	1	38	R$ 2.850,00	R$ 3.430,00
25	96	1	1	38	R$ 2.880,00	R$ 3.454,00
25	97	1	1	39	R$ 2.910,00	R$ 3.478,00
25	98	1	1	39	R$ 2.940,00	R$ 3.502,00
25	99	1	1	40	R$ 2.970,00	R$ 3.526,00
25	100	1	1	40	R$ 3.000,00	R$ 3.550,00
25	101	1	1	40	R$ 3.030,00	R$ 3.574,00
25	102	1	1	41	R$ 3.060,00	R$ 3.598,00
25	103	1	1	41	R$ 3.090,00	R$ 3.622,00
25	104	1	1	42	R$ 3.120,00	R$ 3.646,00
25	105	1	1	42	R$ 3.150,00	R$ 3.670,00
25	106	1	1	42	R$ 3.180,00	R$ 3.694,00
25	107	1	1	43	R$ 3.210,00	R$ 3.718,00
25	108	1	1	43	R$ 3.240,00	R$ 3.742,00
25	109	1	1	44	R$ 3.270,00	R$ 3.766,00
25	110	1	1	44	R$ 3.300,00	R$ 3.790,00
25	111	1	1	44	R$ 3.330,00	R$ 3.814,00
25	112	1	1	45	R$ 3.360,00	R$ 3.838,00
25	113	1	1	45	R$ 3.390,00	R$ 3.862,00
30	30	0	0	10	R$ 900,00	R$ 900,00
30	31	0	0	10	R$ 930,00	R$ 930,00
30	32	0	0	11	R$ 960,00	R$ 960,00
30	33	0	0	11	R$ 990,00	R$ 990,00
30	34	0	0	11	R$ 1.020,00	R$ 1.020,00
30	35	0	0	12	R$ 1.050,00	R$ 1.050,00
30	36	0	0	12	R$ 1.080,00	R$ 1.080,00
30	37	0	0	12	R$ 1.110,00	R$ 1.110,00
30	38	0	0	13	R$ 1.140,00	R$ 1.140,00
30	39	0	0	13	R$ 1.170,00	R$ 1.170,00
30	40	0	0	13	R$ 1.200,00	R$ 1.200,00
30	41	0	0	14	R$ 1.230,00	R$ 1.230,00
30	42	0	0	14	R$ 1.260,00	R$ 1.260,00
30	43	0	0	14	R$ 1.290,00	R$ 1.290,00
30	44	0	0	15	R$ 1.320,00	R$ 1.320,00
30	45	0	0	15	R$ 1.350,00	R$ 1.350,00
30	46	0	0	15	R$ 1.380,00	R$ 1.380,00
30	47	0	0	16	R$ 1.410,00	R$ 1.339,50
30	48	0	0	16	R$ 1.440,00	R$ 1.368,00
30	49	0	0	16	R$ 1.470,00	R$ 1.396,50
30	50	0	0	17	R$ 1.500,00	R$ 1.425,00
30	51	0	0	17	R$ 1.530,00	R$ 1.453,50
30	52	0	0	17	R$ 1.560,00	R$ 1.482,00
30	53	0	0	18	R$ 1.590,00	R$ 1.510,50
30	54	0	0	18	R$ 1.620,00	R$ 1.539,00
30	55	0	0	18	R$ 1.650,00	R$ 1.567,50
30	56	0	0	19	R$ 1.680,00	R$ 1.596,00
30	57	0	0	19	R$ 1.710,00	R$ 1.624,50
30	58	0	0	19	R$ 1.740,00	R$ 1.653,00
30	59	0	0	20	R$ 1.770,00	R$ 1.681,50
30	60	0	0	20	R$ 1.800,00	R$ 1.710,00
30	61	0	0	20	R$ 1.830,00	R$ 1.738,50
30	62	0	0	21	R$ 1.860,00	R$ 1.674,00
30	63	0	0	21	R$ 1.890,00	R$ 1.701,00
30	64	0	0	21	R$ 1.920,00	R$ 1.728,00
30	65	0	0	22	R$ 1.950,00	R$ 1.755,00
30	66	0	0	22	R$ 1.980,00	R$ 1.782,00
30	67	0	0	22	R$ 2.010,00	R$ 1.809,00
30	68	0	0	23	R$ 2.040,00	R$ 1.836,00
30	69	0	0	23	R$ 2.070,00	R$ 1.863,00
30	70	0	0	23	R$ 2.100,00	R$ 1.890,00
30	71	0	0	24	R$ 2.130,00	R$ 1.917,00
30	72	0	0	24	R$ 2.160,00	R$ 1.944,00
30	73	0	0	24	R$ 2.190,00	R$ 1.971,00
30	74	0	0	25	R$ 2.220,00	R$ 1.998,00
30	75	0	0	25	R$ 2.250,00	R$ 2.025,00
30	76	0	0	25	R$ 2.280,00	R$ 2.052,00
30	77	0	0	26	R$ 2.310,00	R$ 1.963,50
30	78	0	0	26	R$ 2.340,00	R$ 1.989,00
30	79	0	0	26	R$ 2.370,00	R$ 2.014,50
30	80	0	0	27	R$ 2.400,00	R$ 2.040,00
30	81	0	0	27	R$ 2.430,00	R$ 2.065,50
30	82	0	0	27	R$ 2.460,00	R$ 2.091,00
30	83	0	0	28	R$ 2.490,00	R$ 2.116,50
30	84	0	0	28	R$ 2.520,00	R$ 2.142,00
30	85	0	0	28	R$ 2.550,00	R$ 2.167,50
30	86	0	0	29	R$ 2.580,00	R$ 2.193,00
30	87	0	0	29	R$ 2.610,00	R$ 2.218,50
30	88	0	0	29	R$ 2.640,00	R$ 2.244,00
30	89	0	0	30	R$ 2.670,00	R$ 2.269,50
30	90	0	0	30	R$ 2.700,00	R$ 2.295,00
30	91	0	0	30	R$ 2.730,00	R$ 2.320,50
30	92	0	0	31	R$ 2.760,00	R$ 2.208,00
30	93	0	0	31	R$ 2.790,00	R$ 2.232,00
30	94	0	0	31	R$ 2.820,00	R$ 2.256,00
30	95	0	0	32	R$ 2.850,00	R$ 2.280,00
30	96	0	0	32	R$ 2.880,00	R$ 2.304,00
30	97	0	0	32	R$ 2.910,00	R$ 2.328,00
30	98	0	0	33	R$ 2.940,00	R$ 2.352,00
30	99	0	0	33	R$ 2.970,00	R$ 2.376,00
30	100	0	0	33	R$ 3.000,00	R$ 2.400,00
30	101	0	0	34	R$ 3.030,00	R$ 2.424,00
30	102	0	0	34	R$ 3.060,00	R$ 2.448,00
30	103	0	0	34	R$ 3.090,00	R$ 2.472,00
30	104	0	0	35	R$ 3.120,00	R$ 2.496,00
30	105	0	0	35	R$ 3.150,00	R$ 2.520,00
30	106	0	0	35	R$ 3.180,00	R$ 2.544,00
30	107	0	0	36	R$ 3.210,00	R$ 2.568,00
30	108	0	0	36	R$ 3.240,00	R$ 2.592,00
30	109	0	0	36	R$ 3.270,00	R$ 2.616,00
30	110	0	0	37	R$ 3.300,00	R$ 2.640,00
30	111	0	0	37	R$ 3.330,00	R$ 2.664,00
30	112	0	0	37	R$ 3.360,00	R$ 2.688,00
30	113	0	0	38	R$ 3.390,00	R$ 2.712,00
30	114	0	0	38	R$ 3.420,00	R$ 2.736,00
30	115	0	0	38	R$ 3.450,00	R$ 2.760,00
30	116	0	0	39	R$ 3.480,00	R$ 2.784,00
30	117	0	0	39	R$ 3.510,00	R$ 2.808,00
30	118	0	0	39	R$ 3.540,00	R$ 2.832,00
30	119	0	0	40	R$ 3.570,00	R$ 2.856,00
30	120	0	0	40	R$ 3.600,00	R$ 2.880,00
30	121	0	0	40	R$ 3.630,00	R$ 2.904,00
30	122	0	0	41	R$ 3.660,00	R$ 2.928,00
30	123	0	0	41	R$ 3.690,00	R$ 2.952,00
30	124	0	0	41	R$ 3.720,00	R$ 2.976,00
30	125	0	0	42	R$ 3.750,00	R$ 3.000,00
30	126	0	0	42	R$ 3.780,00	R$ 3.024,00
30	127	0	0	42	R$ 3.810,00	R$ 3.048,00
30	128	0	0	43	R$ 3.840,00	R$ 3.072,00
30	129	0	0	43	R$ 3.870,00	R$ 3.096,00
30	130	0	0	43	R$ 3.900,00	R$ 3.120,00
30	131	0	0	44	R$ 3.930,00	R$ 3.144,00
30	132	0	0	44	R$ 3.960,00	R$ 3.168,00
30	133	0	0	44	R$ 3.990,00	R$ 3.192,00
30	134	0	0	45	R$ 4.020,00	R$ 3.216,00
30	135	0	0	45	R$ 4.050,00	R$ 3.240,00
30	30	1	0	10	R$ 900,00	R$ 1.400,00
30	31	1	0	10	R$ 930,00	R$ 1.430,00
30	32	1	0	11	R$ 960,00	R$ 1.460,00
30	33	1	0	11	R$ 990,00	R$ 1.490,00
30	34	1	0	11	R$ 1.020,00	R$ 1.520,00
30	35	1	0	12	R$ 1.050,00	R$ 1.550,00
30	36	1	0	12	R$ 1.080,00	R$ 1.580,00
30	37	1	0	12	R$ 1.110,00	R$ 1.610,00
30	38	1	0	13	R$ 1.140,00	R$ 1.640,00
30	39	1	0	13	R$ 1.170,00	R$ 1.670,00
30	40	1	0	13	R$ 1.200,00	R$ 1.700,00
30	41	1	0	14	R$ 1.230,00	R$ 1.730,00
30	42	1	0	14	R$ 1.260,00	R$ 1.760,00
30	43	1	0	14	R$ 1.290,00	R$ 1.790,00
30	44	1	0	15	R$ 1.320,00	R$ 1.820,00
30	45	1	0	15	R$ 1.350,00	R$ 1.850,00
30	46	1	0	15	R$ 1.380,00	R$ 1.880,00
30	47	1	0	16	R$ 1.410,00	R$ 1.839,50
30	48	1	0	16	R$ 1.440,00	R$ 1.868,00
30	49	1	0	16	R$ 1.470,00	R$ 1.896,50
30	50	1	0	17	R$ 1.500,00	R$ 1.925,00
30	51	1	0	17	R$ 1.530,00	R$ 1.953,50
30	52	1	0	17	R$ 1.560,00	R$ 1.982,00
30	53	1	0	18	R$ 1.590,00	R$ 2.010,50
30	54	1	0	18	R$ 1.620,00	R$ 2.039,00
30	55	1	0	18	R$ 1.650,00	R$ 2.067,50
30	56	1	0	19	R$ 1.680,00	R$ 2.096,00
30	57	1	0	19	R$ 1.710,00	R$ 2.124,50
30	58	1	0	19	R$ 1.740,00	R$ 2.153,00
30	59	1	0	20	R$ 1.770,00	R$ 2.181,50
30	60	1	0	20	R$ 1.800,00	R$ 2.210,00
30	61	1	0	20	R$ 1.830,00	R$ 2.238,50
30	62	1	0	21	R$ 1.860,00	R$ 2.174,00
30	63	1	0	21	R$ 1.890,00	R$ 2.201,00
30	64	1	0	21	R$ 1.920,00	R$ 2.228,00
30	65	1	0	22	R$ 1.950,00	R$ 2.255,00
30	66	1	0	22	R$ 1.980,00	R$ 2.282,00
30	67	1	0	22	R$ 2.010,00	R$ 2.309,00
30	68	1	0	23	R$ 2.040,00	R$ 2.336,00
30	69	1	0	23	R$ 2.070,00	R$ 2.363,00
30	70	1	0	23	R$ 2.100,00	R$ 2.390,00
30	71	1	0	24	R$ 2.130,00	R$ 2.417,00
30	72	1	0	24	R$ 2.160,00	R$ 2.444,00
30	73	1	0	24	R$ 2.190,00	R$ 2.471,00
30	74	1	0	25	R$ 2.220,00	R$ 2.498,00
30	75	1	0	25	R$ 2.250,00	R$ 2.525,00
30	76	1	0	25	R$ 2.280,00	R$ 2.552,00
30	77	1	0	26	R$ 2.310,00	R$ 2.463,50
30	78	1	0	26	R$ 2.340,00	R$ 2.489,00
30	79	1	0	26	R$ 2.370,00	R$ 2.514,50
30	80	1	0	27	R$ 2.400,00	R$ 2.540,00
30	81	1	0	27	R$ 2.430,00	R$ 2.565,50
30	82	1	0	27	R$ 2.460,00	R$ 2.591,00
30	83	1	0	28	R$ 2.490,00	R$ 2.616,50
30	84	1	0	28	R$ 2.520,00	R$ 2.642,00
30	85	1	0	28	R$ 2.550,00	R$ 2.667,50
30	86	1	0	29	R$ 2.580,00	R$ 2.693,00
30	87	1	0	29	R$ 2.610,00	R$ 2.718,50
30	88	1	0	29	R$ 2.640,00	R$ 2.744,00
30	89	1	0	30	R$ 2.670,00	R$ 2.769,50
30	90	1	0	30	R$ 2.700,00	R$ 2.795,00
30	91	1	0	30	R$ 2.730,00	R$ 2.820,50
30	92	1	0	31	R$ 2.760,00	R$ 2.708,00
30	93	1	0	31	R$ 2.790,00	R$ 2.732,00
30	94	1	0	31	R$ 2.820,00	R$ 2.756,00
30	95	1	0	32	R$ 2.850,00	R$ 2.780,00
30	96	1	0	32	R$ 2.880,00	R$ 2.804,00
30	97	1	0	32	R$ 2.910,00	R$ 2.828,00
30	98	1	0	33	R$ 2.940,00	R$ 2.852,00
30	99	1	0	33	R$ 2.970,00	R$ 2.876,00
30	100	1	0	33	R$ 3.000,00	R$ 2.900,00
30	101	1	0	34	R$ 3.030,00	R$ 2.924,00
30	102	1	0	34	R$ 3.060,00	R$ 2.948,00
30	103	1	0	34	R$ 3.090,00	R$ 2.972,00
30	104	1	0	35	R$ 3.120,00	R$ 2.996,00
30	105	1	0	35	R$ 3.150,00	R$ 3.020,00
30	106	1	0	35	R$ 3.180,00	R$ 3.044,00
30	107	1	0	36	R$ 3.210,00	R$ 3.068,00
30	108	1	0	36	R$ 3.240,00	R$ 3.092,00
30	109	1	0	36	R$ 3.270,00	R$ 3.116,00
30	110	1	0	37	R$ 3.300,00	R$ 3.140,00
30	111	1	0	37	R$ 3.330,00	R$ 3.164,00
30	112	1	0	37	R$ 3.360,00	R$ 3.188,00
30	113	1	0	38	R$ 3.390,00	R$ 3.212,00
30	114	1	0	38	R$ 3.420,00	R$ 3.236,00
30	115	1	0	38	R$ 3.450,00	R$ 3.260,00
30	116	1	0	39	R$ 3.480,00	R$ 3.284,00
30	117	1	0	39	R$ 3.510,00	R$ 3.308,00
30	118	1	0	39	R$ 3.540,00	R$ 3.332,00
30	119	1	0	40	R$ 3.570,00	R$ 3.356,00
30	120	1	0	40	R$ 3.600,00	R$ 3.380,00
30	121	1	0	40	R$ 3.630,00	R$ 3.404,00
30	122	1	0	41	R$ 3.660,00	R$ 3.428,00
30	123	1	0	41	R$ 3.690,00	R$ 3.452,00
30	124	1	0	41	R$ 3.720,00	R$ 3.476,00
30	125	1	0	42	R$ 3.750,00	R$ 3.500,00
30	126	1	0	42	R$ 3.780,00	R$ 3.524,00
30	127	1	0	42	R$ 3.810,00	R$ 3.548,00
30	128	1	0	43	R$ 3.840,00	R$ 3.572,00
30	129	1	0	43	R$ 3.870,00	R$ 3.596,00
30	130	1	0	43	R$ 3.900,00	R$ 3.620,00
30	131	1	0	44	R$ 3.930,00	R$ 3.644,00
30	132	1	0	44	R$ 3.960,00	R$ 3.668,00
30	133	1	0	44	R$ 3.990,00	R$ 3.692,00
30	134	1	0	45	R$ 4.020,00	R$ 3.716,00
30	135	1	0	45	R$ 4.050,00	R$ 3.740,00
30	30	0	1	10	R$ 900,00	R$ 1.550,00
30	31	0	1	10	R$ 930,00	R$ 1.580,00
30	32	0	1	11	R$ 960,00	R$ 1.610,00
30	33	0	1	11	R$ 990,00	R$ 1.640,00
30	34	0	1	11	R$ 1.020,00	R$ 1.670,00
30	35	0	1	12	R$ 1.050,00	R$ 1.700,00
30	36	0	1	12	R$ 1.080,00	R$ 1.730,00
30	37	0	1	12	R$ 1.110,00	R$ 1.760,00
30	38	0	1	13	R$ 1.140,00	R$ 1.790,00
30	39	0	1	13	R$ 1.170,00	R$ 1.820,00
30	40	0	1	13	R$ 1.200,00	R$ 1.850,00
30	41	0	1	14	R$ 1.230,00	R$ 1.880,00
30	42	0	1	14	R$ 1.260,00	R$ 1.910,00
30	43	0	1	14	R$ 1.290,00	R$ 1.940,00
30	44	0	1	15	R$ 1.320,00	R$ 1.970,00
30	45	0	1	15	R$ 1.350,00	R$ 2.000,00
30	46	0	1	15	R$ 1.380,00	R$ 2.030,00
30	47	0	1	16	R$ 1.410,00	R$ 1.989,50
30	48	0	1	16	R$ 1.440,00	R$ 2.018,00
30	49	0	1	16	R$ 1.470,00	R$ 2.046,50
30	50	0	1	17	R$ 1.500,00	R$ 2.075,00
30	51	0	1	17	R$ 1.530,00	R$ 2.103,50
30	52	0	1	17	R$ 1.560,00	R$ 2.132,00
30	53	0	1	18	R$ 1.590,00	R$ 2.160,50
30	54	0	1	18	R$ 1.620,00	R$ 2.189,00
30	55	0	1	18	R$ 1.650,00	R$ 2.217,50
30	56	0	1	19	R$ 1.680,00	R$ 2.246,00
30	57	0	1	19	R$ 1.710,00	R$ 2.274,50
30	58	0	1	19	R$ 1.740,00	R$ 2.303,00
30	59	0	1	20	R$ 1.770,00	R$ 2.331,50
30	60	0	1	20	R$ 1.800,00	R$ 2.360,00
30	61	0	1	20	R$ 1.830,00	R$ 2.388,50
30	62	0	1	21	R$ 1.860,00	R$ 2.324,00
30	63	0	1	21	R$ 1.890,00	R$ 2.351,00
30	64	0	1	21	R$ 1.920,00	R$ 2.378,00
30	65	0	1	22	R$ 1.950,00	R$ 2.405,00
30	66	0	1	22	R$ 1.980,00	R$ 2.432,00
30	67	0	1	22	R$ 2.010,00	R$ 2.459,00
30	68	0	1	23	R$ 2.040,00	R$ 2.486,00
30	69	0	1	23	R$ 2.070,00	R$ 2.513,00
30	70	0	1	23	R$ 2.100,00	R$ 2.540,00
30	71	0	1	24	R$ 2.130,00	R$ 2.567,00
30	72	0	1	24	R$ 2.160,00	R$ 2.594,00
30	73	0	1	24	R$ 2.190,00	R$ 2.621,00
30	74	0	1	25	R$ 2.220,00	R$ 2.648,00
30	75	0	1	25	R$ 2.250,00	R$ 2.675,00
30	76	0	1	25	R$ 2.280,00	R$ 2.702,00
30	77	0	1	26	R$ 2.310,00	R$ 2.613,50
30	78	0	1	26	R$ 2.340,00	R$ 2.639,00
30	79	0	1	26	R$ 2.370,00	R$ 2.664,50
30	80	0	1	27	R$ 2.400,00	R$ 2.690,00
30	81	0	1	27	R$ 2.430,00	R$ 2.715,50
30	82	0	1	27	R$ 2.460,00	R$ 2.741,00
30	83	0	1	28	R$ 2.490,00	R$ 2.766,50
30	84	0	1	28	R$ 2.520,00	R$ 2.792,00
30	85	0	1	28	R$ 2.550,00	R$ 2.817,50
30	86	0	1	29	R$ 2.580,00	R$ 2.843,00
30	87	0	1	29	R$ 2.610,00	R$ 2.868,50
30	88	0	1	29	R$ 2.640,00	R$ 2.894,00
30	89	0	1	30	R$ 2.670,00	R$ 2.919,50
30	90	0	1	30	R$ 2.700,00	R$ 2.945,00
30	91	0	1	30	R$ 2.730,00	R$ 2.970,50
30	92	0	1	31	R$ 2.760,00	R$ 2.858,00
30	93	0	1	31	R$ 2.790,00	R$ 2.882,00
30	94	0	1	31	R$ 2.820,00	R$ 2.906,00
30	95	0	1	32	R$ 2.850,00	R$ 2.930,00
30	96	0	1	32	R$ 2.880,00	R$ 2.954,00
30	97	0	1	32	R$ 2.910,00	R$ 2.978,00
30	98	0	1	33	R$ 2.940,00	R$ 3.002,00
30	99	0	1	33	R$ 2.970,00	R$ 3.026,00
30	100	0	1	33	R$ 3.000,00	R$ 3.050,00
30	101	0	1	34	R$ 3.030,00	R$ 3.074,00
30	102	0	1	34	R$ 3.060,00	R$ 3.098,00
30	103	0	1	34	R$ 3.090,00	R$ 3.122,00
30	104	0	1	35	R$ 3.120,00	R$ 3.146,00
30	105	0	1	35	R$ 3.150,00	R$ 3.170,00
30	106	0	1	35	R$ 3.180,00	R$ 3.194,00
30	107	0	1	36	R$ 3.210,00	R$ 3.218,00
30	108	0	1	36	R$ 3.240,00	R$ 3.242,00
30	109	0	1	36	R$ 3.270,00	R$ 3.266,00
30	110	0	1	37	R$ 3.300,00	R$ 3.290,00
30	111	0	1	37	R$ 3.330,00	R$ 3.314,00
30	112	0	1	37	R$ 3.360,00	R$ 3.338,00
30	113	0	1	38	R$ 3.390,00	R$ 3.362,00
30	114	0	1	38	R$ 3.420,00	R$ 3.386,00
30	115	0	1	38	R$ 3.450,00	R$ 3.410,00
30	116	0	1	39	R$ 3.480,00	R$ 3.434,00
30	117	0	1	39	R$ 3.510,00	R$ 3.458,00
30	118	0	1	39	R$ 3.540,00	R$ 3.482,00
30	119	0	1	40	R$ 3.570,00	R$ 3.506,00
30	120	0	1	40	R$ 3.600,00	R$ 3.530,00
30	121	0	1	40	R$ 3.630,00	R$ 3.554,00
30	122	0	1	41	R$ 3.660,00	R$ 3.578,00
30	123	0	1	41	R$ 3.690,00	R$ 3.602,00
30	124	0	1	41	R$ 3.720,00	R$ 3.626,00
30	125	0	1	42	R$ 3.750,00	R$ 3.650,00
30	126	0	1	42	R$ 3.780,00	R$ 3.674,00
30	127	0	1	42	R$ 3.810,00	R$ 3.698,00
30	128	0	1	43	R$ 3.840,00	R$ 3.722,00
30	129	0	1	43	R$ 3.870,00	R$ 3.746,00
30	130	0	1	43	R$ 3.900,00	R$ 3.770,00
30	131	0	1	44	R$ 3.930,00	R$ 3.794,00
30	132	0	1	44	R$ 3.960,00	R$ 3.818,00
30	133	0	1	44	R$ 3.990,00	R$ 3.842,00
30	134	0	1	45	R$ 4.020,00	R$ 3.866,00
30	135	0	1	45	R$ 4.050,00	R$ 3.890,00
30	30	1	1	10	R$ 900,00	R$ 2.050,00
30	31	1	1	10	R$ 930,00	R$ 2.080,00
30	32	1	1	11	R$ 960,00	R$ 2.110,00
30	33	1	1	11	R$ 990,00	R$ 2.140,00
30	34	1	1	11	R$ 1.020,00	R$ 2.170,00
30	35	1	1	12	R$ 1.050,00	R$ 2.200,00
30	36	1	1	12	R$ 1.080,00	R$ 2.230,00
30	37	1	1	12	R$ 1.110,00	R$ 2.260,00
30	38	1	1	13	R$ 1.140,00	R$ 2.290,00
30	39	1	1	13	R$ 1.170,00	R$ 2.320,00
30	40	1	1	13	R$ 1.200,00	R$ 2.350,00
30	41	1	1	14	R$ 1.230,00	R$ 2.380,00
30	42	1	1	14	R$ 1.260,00	R$ 2.410,00
30	43	1	1	14	R$ 1.290,00	R$ 2.440,00
30	44	1	1	15	R$ 1.320,00	R$ 2.470,00
30	45	1	1	15	R$ 1.350,00	R$ 2.500,00
30	46	1	1	15	R$ 1.380,00	R$ 2.530,00
30	47	1	1	16	R$ 1.410,00	R$ 2.489,50
30	48	1	1	16	R$ 1.440,00	R$ 2.518,00
30	49	1	1	16	R$ 1.470,00	R$ 2.546,50
30	50	1	1	17	R$ 1.500,00	R$ 2.575,00
30	51	1	1	17	R$ 1.530,00	R$ 2.603,50
30	52	1	1	17	R$ 1.560,00	R$ 2.632,00
30	53	1	1	18	R$ 1.590,00	R$ 2.660,50
30	54	1	1	18	R$ 1.620,00	R$ 2.689,00
30	55	1	1	18	R$ 1.650,00	R$ 2.717,50
30	56	1	1	19	R$ 1.680,00	R$ 2.746,00
30	57	1	1	19	R$ 1.710,00	R$ 2.774,50
30	58	1	1	19	R$ 1.740,00	R$ 2.803,00
30	59	1	1	20	R$ 1.770,00	R$ 2.831,50
30	60	1	1	20	R$ 1.800,00	R$ 2.860,00
30	61	1	1	20	R$ 1.830,00	R$ 2.888,50
30	62	1	1	21	R$ 1.860,00	R$ 2.824,00
30	63	1	1	21	R$ 1.890,00	R$ 2.851,00
30	64	1	1	21	R$ 1.920,00	R$ 2.878,00
30	65	1	1	22	R$ 1.950,00	R$ 2.905,00
30	66	1	1	22	R$ 1.980,00	R$ 2.932,00
30	67	1	1	22	R$ 2.010,00	R$ 2.959,00
30	68	1	1	23	R$ 2.040,00	R$ 2.986,00
30	69	1	1	23	R$ 2.070,00	R$ 3.013,00
30	70	1	1	23	R$ 2.100,00	R$ 3.040,00
30	71	1	1	24	R$ 2.130,00	R$ 3.067,00
30	72	1	1	24	R$ 2.160,00	R$ 3.094,00
30	73	1	1	24	R$ 2.190,00	R$ 3.121,00
30	74	1	1	25	R$ 2.220,00	R$ 3.148,00
30	75	1	1	25	R$ 2.250,00	R$ 3.175,00
30	76	1	1	25	R$ 2.280,00	R$ 3.202,00
30	77	1	1	26	R$ 2.310,00	R$ 3.113,50
30	78	1	1	26	R$ 2.340,00	R$ 3.139,00
30	79	1	1	26	R$ 2.370,00	R$ 3.164,50
30	80	1	1	27	R$ 2.400,00	R$ 3.190,00
30	81	1	1	27	R$ 2.430,00	R$ 3.215,50
30	82	1	1	27	R$ 2.460,00	R$ 3.241,00
30	83	1	1	28	R$ 2.490,00	R$ 3.266,50
30	84	1	1	28	R$ 2.520,00	R$ 3.292,00
30	85	1	1	28	R$ 2.550,00	R$ 3.317,50
30	86	1	1	29	R$ 2.580,00	R$ 3.343,00
30	87	1	1	29	R$ 2.610,00	R$ 3.368,50
30	88	1	1	29	R$ 2.640,00	R$ 3.394,00
30	89	1	1	30	R$ 2.670,00	R$ 3.419,50
30	90	1	1	30	R$ 2.700,00	R$ 3.445,00
30	91	1	1	30	R$ 2.730,00	R$ 3.470,50
30	92	1	1	31	R$ 2.760,00	R$ 3.358,00
30	93	1	1	31	R$ 2.790,00	R$ 3.382,00
30	94	1	1	31	R$ 2.820,00	R$ 3.406,00
30	95	1	1	32	R$ 2.850,00	R$ 3.430,00
30	96	1	1	32	R$ 2.880,00	R$ 3.454,00
30	97	1	1	32	R$ 2.910,00	R$ 3.478,00
30	98	1	1	33	R$ 2.940,00	R$ 3.502,00
30	99	1	1	33	R$ 2.970,00	R$ 3.526,00
30	100	1	1	33	R$ 3.000,00	R$ 3.550,00
30	101	1	1	34	R$ 3.030,00	R$ 3.574,00
30	102	1	1	34	R$ 3.060,00	R$ 3.598,00
30	103	1	1	34	R$ 3.090,00	R$ 3.622,00
30	104	1	1	35	R$ 3.120,00	R$ 3.646,00
30	105	1	1	35	R$ 3.150,00	R$ 3.670,00
30	106	1	1	35	R$ 3.180,00	R$ 3.694,00
30	107	1	1	36	R$ 3.210,00	R$ 3.718,00
30	108	1	1	36	R$ 3.240,00	R$ 3.742,00
30	109	1	1	36	R$ 3.270,00	R$ 3.766,00
30	110	1	1	37	R$ 3.300,00	R$ 3.790,00
30	111	1	1	37	R$ 3.330,00	R$ 3.814,00
30	112	1	1	37	R$ 3.360,00	R$ 3.838,00
30	113	1	1	38	R$ 3.390,00	R$ 3.862,00
30	114	1	1	38	R$ 3.420,00	R$ 3.886,00
30	115	1	1	38	R$ 3.450,00	R$ 3.910,00
30	116	1	1	39	R$ 3.480,00	R$ 3.934,00
30	117	1	1	39	R$ 3.510,00	R$ 3.958,00
30	118	1	1	39	R$ 3.540,00	R$ 3.982,00
30	119	1	1	40	R$ 3.570,00	R$ 4.006,00
30	120	1	1	40	R$ 3.600,00	R$ 4.030,00
30	121	1	1	40	R$ 3.630,00	R$ 4.054,00
30	122	1	1	41	R$ 3.660,00	R$ 4.078,00
30	123	1	1	41	R$ 3.690,00	R$ 4.102,00
30	124	1	1	41	R$ 3.720,00	R$ 4.126,00
30	125	1	1	42	R$ 3.750,00	R$ 4.150,00
30	126	1	1	42	R$ 3.780,00	R$ 4.174,00
30	127	1	1	42	R$ 3.810,00	R$ 4.198,00
30	128	1	1	43	R$ 3.840,00	R$ 4.222,00
30	129	1	1	43	R$ 3.870,00	R$ 4.246,00
30	130	1	1	43	R$ 3.900,00	R$ 4.270,00
30	131	1	1	44	R$ 3.930,00	R$ 4.294,00
30	132	1	1	44	R$ 3.960,00	R$ 4.318,00
30	133	1	1	44	R$ 3.990,00	R$ 4.342,00
30	134	1	1	45	R$ 4.020,00	R$ 4.366,00
30	135	1	1	45	R$ 4.050,00	R$ 4.390,00
35	35	0	0	10	R$ 1.050,00	R$ 1.050,00
35	36	0	0	10	R$ 1.080,00	R$ 1.080,00
35	37	0	0	11	R$ 1.110,00	R$ 1.110,00
35	38	0	0	11	R$ 1.140,00	R$ 1.140,00
35	39	0	0	11	R$ 1.170,00	R$ 1.170,00
35	40	0	0	11	R$ 1.200,00	R$ 1.200,00
35	41	0	0	12	R$ 1.230,00	R$ 1.230,00
35	42	0	0	12	R$ 1.260,00	R$ 1.260,00
35	43	0	0	12	R$ 1.290,00	R$ 1.290,00
35	44	0	0	13	R$ 1.320,00	R$ 1.320,00
35	45	0	0	13	R$ 1.350,00	R$ 1.350,00
35	46	0	0	13	R$ 1.380,00	R$ 1.380,00
35	47	0	0	13	R$ 1.410,00	R$ 1.410,00
35	48	0	0	14	R$ 1.440,00	R$ 1.440,00
35	49	0	0	14	R$ 1.470,00	R$ 1.470,00
35	50	0	0	14	R$ 1.500,00	R$ 1.500,00
35	51	0	0	15	R$ 1.530,00	R$ 1.530,00
35	52	0	0	15	R$ 1.560,00	R$ 1.560,00
35	53	0	0	15	R$ 1.590,00	R$ 1.590,00
35	54	0	0	15	R$ 1.620,00	R$ 1.620,00
35	55	0	0	16	R$ 1.650,00	R$ 1.567,50
35	56	0	0	16	R$ 1.680,00	R$ 1.596,00
35	57	0	0	16	R$ 1.710,00	R$ 1.624,50
35	58	0	0	17	R$ 1.740,00	R$ 1.653,00
35	59	0	0	17	R$ 1.770,00	R$ 1.681,50
35	60	0	0	17	R$ 1.800,00	R$ 1.710,00
35	61	0	0	17	R$ 1.830,00	R$ 1.738,50
35	62	0	0	18	R$ 1.860,00	R$ 1.767,00
35	63	0	0	18	R$ 1.890,00	R$ 1.795,50
35	64	0	0	18	R$ 1.920,00	R$ 1.824,00
35	65	0	0	19	R$ 1.950,00	R$ 1.852,50
35	66	0	0	19	R$ 1.980,00	R$ 1.881,00
35	67	0	0	19	R$ 2.010,00	R$ 1.909,50
35	68	0	0	19	R$ 2.040,00	R$ 1.938,00
35	69	0	0	20	R$ 2.070,00	R$ 1.966,50
35	70	0	0	20	R$ 2.100,00	R$ 1.995,00
35	71	0	0	20	R$ 2.130,00	R$ 2.023,50
35	72	0	0	21	R$ 2.160,00	R$ 1.944,00
35	73	0	0	21	R$ 2.190,00	R$ 1.971,00
35	74	0	0	21	R$ 2.220,00	R$ 1.998,00
35	75	0	0	21	R$ 2.250,00	R$ 2.025,00
35	76	0	0	22	R$ 2.280,00	R$ 2.052,00
35	77	0	0	22	R$ 2.310,00	R$ 2.079,00
35	78	0	0	22	R$ 2.340,00	R$ 2.106,00
35	79	0	0	23	R$ 2.370,00	R$ 2.133,00
35	80	0	0	23	R$ 2.400,00	R$ 2.160,00
35	81	0	0	23	R$ 2.430,00	R$ 2.187,00
35	82	0	0	23	R$ 2.460,00	R$ 2.214,00
35	83	0	0	24	R$ 2.490,00	R$ 2.241,00
35	84	0	0	24	R$ 2.520,00	R$ 2.268,00
35	85	0	0	24	R$ 2.550,00	R$ 2.295,00
35	86	0	0	25	R$ 2.580,00	R$ 2.322,00
35	87	0	0	25	R$ 2.610,00	R$ 2.349,00
35	88	0	0	25	R$ 2.640,00	R$ 2.376,00
35	89	0	0	25	R$ 2.670,00	R$ 2.403,00
35	90	0	0	26	R$ 2.700,00	R$ 2.295,00
35	91	0	0	26	R$ 2.730,00	R$ 2.320,50
35	92	0	0	26	R$ 2.760,00	R$ 2.346,00
35	93	0	0	27	R$ 2.790,00	R$ 2.371,50
35	94	0	0	27	R$ 2.820,00	R$ 2.397,00
35	95	0	0	27	R$ 2.850,00	R$ 2.422,50
35	96	0	0	27	R$ 2.880,00	R$ 2.448,00
35	97	0	0	28	R$ 2.910,00	R$ 2.473,50
35	98	0	0	28	R$ 2.940,00	R$ 2.499,00
35	99	0	0	28	R$ 2.970,00	R$ 2.524,50
35	100	0	0	29	R$ 3.000,00	R$ 2.550,00
35	101	0	0	29	R$ 3.030,00	R$ 2.575,50
35	102	0	0	29	R$ 3.060,00	R$ 2.601,00
35	103	0	0	29	R$ 3.090,00	R$ 2.626,50
35	104	0	0	30	R$ 3.120,00	R$ 2.652,00
35	105	0	0	30	R$ 3.150,00	R$ 2.677,50
35	106	0	0	30	R$ 3.180,00	R$ 2.703,00
35	107	0	0	31	R$ 3.210,00	R$ 2.568,00
35	108	0	0	31	R$ 3.240,00	R$ 2.592,00
35	109	0	0	31	R$ 3.270,00	R$ 2.616,00
35	110	0	0	31	R$ 3.300,00	R$ 2.640,00
35	111	0	0	32	R$ 3.330,00	R$ 2.664,00
35	112	0	0	32	R$ 3.360,00	R$ 2.688,00
35	113	0	0	32	R$ 3.390,00	R$ 2.712,00
35	114	0	0	33	R$ 3.420,00	R$ 2.736,00
35	115	0	0	33	R$ 3.450,00	R$ 2.760,00
35	116	0	0	33	R$ 3.480,00	R$ 2.784,00
35	117	0	0	33	R$ 3.510,00	R$ 2.808,00
35	118	0	0	34	R$ 3.540,00	R$ 2.832,00
35	119	0	0	34	R$ 3.570,00	R$ 2.856,00
35	120	0	0	34	R$ 3.600,00	R$ 2.880,00
35	121	0	0	35	R$ 3.630,00	R$ 2.904,00
35	122	0	0	35	R$ 3.660,00	R$ 2.928,00
35	123	0	0	35	R$ 3.690,00	R$ 2.952,00
35	124	0	0	35	R$ 3.720,00	R$ 2.976,00
35	125	0	0	36	R$ 3.750,00	R$ 3.000,00
35	126	0	0	36	R$ 3.780,00	R$ 3.024,00
35	127	0	0	36	R$ 3.810,00	R$ 3.048,00
35	128	0	0	37	R$ 3.840,00	R$ 3.072,00
35	129	0	0	37	R$ 3.870,00	R$ 3.096,00
35	130	0	0	37	R$ 3.900,00	R$ 3.120,00
35	131	0	0	37	R$ 3.930,00	R$ 3.144,00
35	132	0	0	38	R$ 3.960,00	R$ 3.168,00
35	133	0	0	38	R$ 3.990,00	R$ 3.192,00
35	134	0	0	38	R$ 4.020,00	R$ 3.216,00
35	135	0	0	39	R$ 4.050,00	R$ 3.240,00
35	136	0	0	39	R$ 4.080,00	R$ 3.264,00
35	137	0	0	39	R$ 4.110,00	R$ 3.288,00
35	138	0	0	39	R$ 4.140,00	R$ 3.312,00
35	139	0	0	40	R$ 4.170,00	R$ 3.336,00
35	140	0	0	40	R$ 4.200,00	R$ 3.360,00
35	141	0	0	40	R$ 4.230,00	R$ 3.384,00
35	142	0	0	41	R$ 4.260,00	R$ 3.408,00
35	143	0	0	41	R$ 4.290,00	R$ 3.432,00
35	144	0	0	41	R$ 4.320,00	R$ 3.456,00
35	145	0	0	41	R$ 4.350,00	R$ 3.480,00
35	146	0	0	42	R$ 4.380,00	R$ 3.504,00
35	147	0	0	42	R$ 4.410,00	R$ 3.528,00
35	148	0	0	42	R$ 4.440,00	R$ 3.552,00
35	149	0	0	43	R$ 4.470,00	R$ 3.576,00
35	150	0	0	43	R$ 4.500,00	R$ 3.600,00
35	151	0	0	43	R$ 4.530,00	R$ 3.624,00
35	152	0	0	43	R$ 4.560,00	R$ 3.648,00
35	153	0	0	44	R$ 4.590,00	R$ 3.672,00
35	154	0	0	44	R$ 4.620,00	R$ 3.696,00
35	155	0	0	44	R$ 4.650,00	R$ 3.720,00
35	156	0	0	45	R$ 4.680,00	R$ 3.744,00
35	157	0	0	45	R$ 4.710,00	R$ 3.768,00
35	158	0	0	45	R$ 4.740,00	R$ 3.792,00
35	35	1	0	10	R$ 1.050,00	R$ 1.550,00
35	36	1	0	10	R$ 1.080,00	R$ 1.580,00
35	37	1	0	11	R$ 1.110,00	R$ 1.610,00
35	38	1	0	11	R$ 1.140,00	R$ 1.640,00
35	39	1	0	11	R$ 1.170,00	R$ 1.670,00
35	40	1	0	11	R$ 1.200,00	R$ 1.700,00
35	41	1	0	12	R$ 1.230,00	R$ 1.730,00
35	42	1	0	12	R$ 1.260,00	R$ 1.760,00
35	43	1	0	12	R$ 1.290,00	R$ 1.790,00
35	44	1	0	13	R$ 1.320,00	R$ 1.820,00
35	45	1	0	13	R$ 1.350,00	R$ 1.850,00
35	46	1	0	13	R$ 1.380,00	R$ 1.880,00
35	47	1	0	13	R$ 1.410,00	R$ 1.910,00
35	48	1	0	14	R$ 1.440,00	R$ 1.940,00
35	49	1	0	14	R$ 1.470,00	R$ 1.970,00
35	50	1	0	14	R$ 1.500,00	R$ 2.000,00
35	51	1	0	15	R$ 1.530,00	R$ 2.030,00
35	52	1	0	15	R$ 1.560,00	R$ 2.060,00
35	53	1	0	15	R$ 1.590,00	R$ 2.090,00
35	54	1	0	15	R$ 1.620,00	R$ 2.120,00
35	55	1	0	16	R$ 1.650,00	R$ 2.067,50
35	56	1	0	16	R$ 1.680,00	R$ 2.096,00
35	57	1	0	16	R$ 1.710,00	R$ 2.124,50
35	58	1	0	17	R$ 1.740,00	R$ 2.153,00
35	59	1	0	17	R$ 1.770,00	R$ 2.181,50
35	60	1	0	17	R$ 1.800,00	R$ 2.210,00
35	61	1	0	17	R$ 1.830,00	R$ 2.238,50
35	62	1	0	18	R$ 1.860,00	R$ 2.267,00
35	63	1	0	18	R$ 1.890,00	R$ 2.295,50
35	64	1	0	18	R$ 1.920,00	R$ 2.324,00
35	65	1	0	19	R$ 1.950,00	R$ 2.352,50
35	66	1	0	19	R$ 1.980,00	R$ 2.381,00
35	67	1	0	19	R$ 2.010,00	R$ 2.409,50
35	68	1	0	19	R$ 2.040,00	R$ 2.438,00
35	69	1	0	20	R$ 2.070,00	R$ 2.466,50
35	70	1	0	20	R$ 2.100,00	R$ 2.495,00
35	71	1	0	20	R$ 2.130,00	R$ 2.523,50
35	72	1	0	21	R$ 2.160,00	R$ 2.444,00
35	73	1	0	21	R$ 2.190,00	R$ 2.471,00
35	74	1	0	21	R$ 2.220,00	R$ 2.498,00
35	75	1	0	21	R$ 2.250,00	R$ 2.525,00
35	76	1	0	22	R$ 2.280,00	R$ 2.552,00
35	77	1	0	22	R$ 2.310,00	R$ 2.579,00
35	78	1	0	22	R$ 2.340,00	R$ 2.606,00
35	79	1	0	23	R$ 2.370,00	R$ 2.633,00
35	80	1	0	23	R$ 2.400,00	R$ 2.660,00
35	81	1	0	23	R$ 2.430,00	R$ 2.687,00
35	82	1	0	23	R$ 2.460,00	R$ 2.714,00
35	83	1	0	24	R$ 2.490,00	R$ 2.741,00
35	84	1	0	24	R$ 2.520,00	R$ 2.768,00
35	85	1	0	24	R$ 2.550,00	R$ 2.795,00
35	86	1	0	25	R$ 2.580,00	R$ 2.822,00
35	87	1	0	25	R$ 2.610,00	R$ 2.849,00
35	88	1	0	25	R$ 2.640,00	R$ 2.876,00
35	89	1	0	25	R$ 2.670,00	R$ 2.903,00
35	90	1	0	26	R$ 2.700,00	R$ 2.795,00
35	91	1	0	26	R$ 2.730,00	R$ 2.820,50
35	92	1	0	26	R$ 2.760,00	R$ 2.846,00
35	93	1	0	27	R$ 2.790,00	R$ 2.871,50
35	94	1	0	27	R$ 2.820,00	R$ 2.897,00
35	95	1	0	27	R$ 2.850,00	R$ 2.922,50
35	96	1	0	27	R$ 2.880,00	R$ 2.948,00
35	97	1	0	28	R$ 2.910,00	R$ 2.973,50
35	98	1	0	28	R$ 2.940,00	R$ 2.999,00
35	99	1	0	28	R$ 2.970,00	R$ 3.024,50
35	100	1	0	29	R$ 3.000,00	R$ 3.050,00
35	101	1	0	29	R$ 3.030,00	R$ 3.075,50
35	102	1	0	29	R$ 3.060,00	R$ 3.101,00
35	103	1	0	29	R$ 3.090,00	R$ 3.126,50
35	104	1	0	30	R$ 3.120,00	R$ 3.152,00
35	105	1	0	30	R$ 3.150,00	R$ 3.177,50
35	106	1	0	30	R$ 3.180,00	R$ 3.203,00
35	107	1	0	31	R$ 3.210,00	R$ 3.068,00
35	108	1	0	31	R$ 3.240,00	R$ 3.092,00
35	109	1	0	31	R$ 3.270,00	R$ 3.116,00
35	110	1	0	31	R$ 3.300,00	R$ 3.140,00
35	111	1	0	32	R$ 3.330,00	R$ 3.164,00
35	112	1	0	32	R$ 3.360,00	R$ 3.188,00
35	113	1	0	32	R$ 3.390,00	R$ 3.212,00
35	114	1	0	33	R$ 3.420,00	R$ 3.236,00
35	115	1	0	33	R$ 3.450,00	R$ 3.260,00
35	116	1	0	33	R$ 3.480,00	R$ 3.284,00
35	117	1	0	33	R$ 3.510,00	R$ 3.308,00
35	118	1	0	34	R$ 3.540,00	R$ 3.332,00
35	119	1	0	34	R$ 3.570,00	R$ 3.356,00
35	120	1	0	34	R$ 3.600,00	R$ 3.380,00
35	121	1	0	35	R$ 3.630,00	R$ 3.404,00
35	122	1	0	35	R$ 3.660,00	R$ 3.428,00
35	123	1	0	35	R$ 3.690,00	R$ 3.452,00
35	124	1	0	35	R$ 3.720,00	R$ 3.476,00
35	125	1	0	36	R$ 3.750,00	R$ 3.500,00
35	126	1	0	36	R$ 3.780,00	R$ 3.524,00
35	127	1	0	36	R$ 3.810,00	R$ 3.548,00
35	128	1	0	37	R$ 3.840,00	R$ 3.572,00
35	129	1	0	37	R$ 3.870,00	R$ 3.596,00
35	130	1	0	37	R$ 3.900,00	R$ 3.620,00
35	131	1	0	37	R$ 3.930,00	R$ 3.644,00
35	132	1	0	38	R$ 3.960,00	R$ 3.668,00
35	133	1	0	38	R$ 3.990,00	R$ 3.692,00
35	134	1	0	38	R$ 4.020,00	R$ 3.716,00
35	135	1	0	39	R$ 4.050,00	R$ 3.740,00
35	136	1	0	39	R$ 4.080,00	R$ 3.764,00
35	137	1	0	39	R$ 4.110,00	R$ 3.788,00
35	138	1	0	39	R$ 4.140,00	R$ 3.812,00
35	139	1	0	40	R$ 4.170,00	R$ 3.836,00
35	140	1	0	40	R$ 4.200,00	R$ 3.860,00
35	141	1	0	40	R$ 4.230,00	R$ 3.884,00
35	142	1	0	41	R$ 4.260,00	R$ 3.908,00
35	143	1	0	41	R$ 4.290,00	R$ 3.932,00
35	144	1	0	41	R$ 4.320,00	R$ 3.956,00
35	145	1	0	41	R$ 4.350,00	R$ 3.980,00
35	146	1	0	42	R$ 4.380,00	R$ 4.004,00
35	147	1	0	42	R$ 4.410,00	R$ 4.028,00
35	148	1	0	42	R$ 4.440,00	R$ 4.052,00
35	149	1	0	43	R$ 4.470,00	R$ 4.076,00
35	150	1	0	43	R$ 4.500,00	R$ 4.100,00
35	151	1	0	43	R$ 4.530,00	R$ 4.124,00
35	152	1	0	43	R$ 4.560,00	R$ 4.148,00
35	153	1	0	44	R$ 4.590,00	R$ 4.172,00
35	154	1	0	44	R$ 4.620,00	R$ 4.196,00
35	155	1	0	44	R$ 4.650,00	R$ 4.220,00
35	156	1	0	45	R$ 4.680,00	R$ 4.244,00
35	157	1	0	45	R$ 4.710,00	R$ 4.268,00
35	158	1	0	45	R$ 4.740,00	R$ 4.292,00
35	35	0	1	10	R$ 1.050,00	R$ 1.700,00
35	36	0	1	10	R$ 1.080,00	R$ 1.730,00
35	37	0	1	11	R$ 1.110,00	R$ 1.760,00
35	38	0	1	11	R$ 1.140,00	R$ 1.790,00
35	39	0	1	11	R$ 1.170,00	R$ 1.820,00
35	40	0	1	11	R$ 1.200,00	R$ 1.850,00
35	41	0	1	12	R$ 1.230,00	R$ 1.880,00
35	42	0	1	12	R$ 1.260,00	R$ 1.910,00
35	43	0	1	12	R$ 1.290,00	R$ 1.940,00
35	44	0	1	13	R$ 1.320,00	R$ 1.970,00
35	45	0	1	13	R$ 1.350,00	R$ 2.000,00
35	46	0	1	13	R$ 1.380,00	R$ 2.030,00
35	47	0	1	13	R$ 1.410,00	R$ 2.060,00
35	48	0	1	14	R$ 1.440,00	R$ 2.090,00
35	49	0	1	14	R$ 1.470,00	R$ 2.120,00
35	50	0	1	14	R$ 1.500,00	R$ 2.150,00
35	51	0	1	15	R$ 1.530,00	R$ 2.180,00
35	52	0	1	15	R$ 1.560,00	R$ 2.210,00
35	53	0	1	15	R$ 1.590,00	R$ 2.240,00
35	54	0	1	15	R$ 1.620,00	R$ 2.270,00
35	55	0	1	16	R$ 1.650,00	R$ 2.217,50
35	56	0	1	16	R$ 1.680,00	R$ 2.246,00
35	57	0	1	16	R$ 1.710,00	R$ 2.274,50
35	58	0	1	17	R$ 1.740,00	R$ 2.303,00
35	59	0	1	17	R$ 1.770,00	R$ 2.331,50
35	60	0	1	17	R$ 1.800,00	R$ 2.360,00
35	61	0	1	17	R$ 1.830,00	R$ 2.388,50
35	62	0	1	18	R$ 1.860,00	R$ 2.417,00
35	63	0	1	18	R$ 1.890,00	R$ 2.445,50
35	64	0	1	18	R$ 1.920,00	R$ 2.474,00
35	65	0	1	19	R$ 1.950,00	R$ 2.502,50
35	66	0	1	19	R$ 1.980,00	R$ 2.531,00
35	67	0	1	19	R$ 2.010,00	R$ 2.559,50
35	68	0	1	19	R$ 2.040,00	R$ 2.588,00
35	69	0	1	20	R$ 2.070,00	R$ 2.616,50
35	70	0	1	20	R$ 2.100,00	R$ 2.645,00
35	71	0	1	20	R$ 2.130,00	R$ 2.673,50
35	72	0	1	21	R$ 2.160,00	R$ 2.594,00
35	73	0	1	21	R$ 2.190,00	R$ 2.621,00
35	74	0	1	21	R$ 2.220,00	R$ 2.648,00
35	75	0	1	21	R$ 2.250,00	R$ 2.675,00
35	76	0	1	22	R$ 2.280,00	R$ 2.702,00
35	77	0	1	22	R$ 2.310,00	R$ 2.729,00
35	78	0	1	22	R$ 2.340,00	R$ 2.756,00
35	79	0	1	23	R$ 2.370,00	R$ 2.783,00
35	80	0	1	23	R$ 2.400,00	R$ 2.810,00
35	81	0	1	23	R$ 2.430,00	R$ 2.837,00
35	82	0	1	23	R$ 2.460,00	R$ 2.864,00
35	83	0	1	24	R$ 2.490,00	R$ 2.891,00
35	84	0	1	24	R$ 2.520,00	R$ 2.918,00
35	85	0	1	24	R$ 2.550,00	R$ 2.945,00
35	86	0	1	25	R$ 2.580,00	R$ 2.972,00
35	87	0	1	25	R$ 2.610,00	R$ 2.999,00
35	88	0	1	25	R$ 2.640,00	R$ 3.026,00
35	89	0	1	25	R$ 2.670,00	R$ 3.053,00
35	90	0	1	26	R$ 2.700,00	R$ 2.945,00
35	91	0	1	26	R$ 2.730,00	R$ 2.970,50
35	92	0	1	26	R$ 2.760,00	R$ 2.996,00
35	93	0	1	27	R$ 2.790,00	R$ 3.021,50
35	94	0	1	27	R$ 2.820,00	R$ 3.047,00
35	95	0	1	27	R$ 2.850,00	R$ 3.072,50
35	96	0	1	27	R$ 2.880,00	R$ 3.098,00
35	97	0	1	28	R$ 2.910,00	R$ 3.123,50
35	98	0	1	28	R$ 2.940,00	R$ 3.149,00
35	99	0	1	28	R$ 2.970,00	R$ 3.174,50
35	100	0	1	29	R$ 3.000,00	R$ 3.200,00
35	101	0	1	29	R$ 3.030,00	R$ 3.225,50
35	102	0	1	29	R$ 3.060,00	R$ 3.251,00
35	103	0	1	29	R$ 3.090,00	R$ 3.276,50
35	104	0	1	30	R$ 3.120,00	R$ 3.302,00
35	105	0	1	30	R$ 3.150,00	R$ 3.327,50
35	106	0	1	30	R$ 3.180,00	R$ 3.353,00
35	107	0	1	31	R$ 3.210,00	R$ 3.218,00
35	108	0	1	31	R$ 3.240,00	R$ 3.242,00
35	109	0	1	31	R$ 3.270,00	R$ 3.266,00
35	110	0	1	31	R$ 3.300,00	R$ 3.290,00
35	111	0	1	32	R$ 3.330,00	R$ 3.314,00
35	112	0	1	32	R$ 3.360,00	R$ 3.338,00
35	113	0	1	32	R$ 3.390,00	R$ 3.362,00
35	114	0	1	33	R$ 3.420,00	R$ 3.386,00
35	115	0	1	33	R$ 3.450,00	R$ 3.410,00
35	116	0	1	33	R$ 3.480,00	R$ 3.434,00
35	117	0	1	33	R$ 3.510,00	R$ 3.458,00
35	118	0	1	34	R$ 3.540,00	R$ 3.482,00
35	119	0	1	34	R$ 3.570,00	R$ 3.506,00
35	120	0	1	34	R$ 3.600,00	R$ 3.530,00
35	121	0	1	35	R$ 3.630,00	R$ 3.554,00
35	122	0	1	35	R$ 3.660,00	R$ 3.578,00
35	123	0	1	35	R$ 3.690,00	R$ 3.602,00
35	124	0	1	35	R$ 3.720,00	R$ 3.626,00
35	125	0	1	36	R$ 3.750,00	R$ 3.650,00
35	126	0	1	36	R$ 3.780,00	R$ 3.674,00
35	127	0	1	36	R$ 3.810,00	R$ 3.698,00
35	128	0	1	37	R$ 3.840,00	R$ 3.722,00
35	129	0	1	37	R$ 3.870,00	R$ 3.746,00
35	130	0	1	37	R$ 3.900,00	R$ 3.770,00
35	131	0	1	37	R$ 3.930,00	R$ 3.794,00
35	132	0	1	38	R$ 3.960,00	R$ 3.818,00
35	133	0	1	38	R$ 3.990,00	R$ 3.842,00
35	134	0	1	38	R$ 4.020,00	R$ 3.866,00
35	135	0	1	39	R$ 4.050,00	R$ 3.890,00
35	136	0	1	39	R$ 4.080,00	R$ 3.914,00
35	137	0	1	39	R$ 4.110,00	R$ 3.938,00
35	138	0	1	39	R$ 4.140,00	R$ 3.962,00
35	139	0	1	40	R$ 4.170,00	R$ 3.986,00
35	140	0	1	40	R$ 4.200,00	R$ 4.010,00
35	141	0	1	40	R$ 4.230,00	R$ 4.034,00
35	142	0	1	41	R$ 4.260,00	R$ 4.058,00
35	143	0	1	41	R$ 4.290,00	R$ 4.082,00
35	144	0	1	41	R$ 4.320,00	R$ 4.106,00
35	145	0	1	41	R$ 4.350,00	R$ 4.130,00
35	146	0	1	42	R$ 4.380,00	R$ 4.154,00
35	147	0	1	42	R$ 4.410,00	R$ 4.178,00
35	148	0	1	42	R$ 4.440,00	R$ 4.202,00
35	149	0	1	43	R$ 4.470,00	R$ 4.226,00
35	150	0	1	43	R$ 4.500,00	R$ 4.250,00
35	151	0	1	43	R$ 4.530,00	R$ 4.274,00
35	152	0	1	43	R$ 4.560,00	R$ 4.298,00
35	153	0	1	44	R$ 4.590,00	R$ 4.322,00
35	154	0	1	44	R$ 4.620,00	R$ 4.346,00
35	155	0	1	44	R$ 4.650,00	R$ 4.370,00
35	156	0	1	45	R$ 4.680,00	R$ 4.394,00
35	157	0	1	45	R$ 4.710,00	R$ 4.418,00
35	158	0	1	45	R$ 4.740,00	R$ 4.442,00
35	35	1	1	10	R$ 1.050,00	R$ 2.200,00
35	36	1	1	10	R$ 1.080,00	R$ 2.230,00
35	37	1	1	11	R$ 1.110,00	R$ 2.260,00
35	38	1	1	11	R$ 1.140,00	R$ 2.290,00
35	39	1	1	11	R$ 1.170,00	R$ 2.320,00
35	40	1	1	11	R$ 1.200,00	R$ 2.350,00
35	41	1	1	12	R$ 1.230,00	R$ 2.380,00
35	42	1	1	12	R$ 1.260,00	R$ 2.410,00
35	43	1	1	12	R$ 1.290,00	R$ 2.440,00
35	44	1	1	13	R$ 1.320,00	R$ 2.470,00
35	45	1	1	13	R$ 1.350,00	R$ 2.500,00
35	46	1	1	13	R$ 1.380,00	R$ 2.530,00
35	47	1	1	13	R$ 1.410,00	R$ 2.560,00
35	48	1	1	14	R$ 1.440,00	R$ 2.590,00
35	49	1	1	14	R$ 1.470,00	R$ 2.620,00
35	50	1	1	14	R$ 1.500,00	R$ 2.650,00
35	51	1	1	15	R$ 1.530,00	R$ 2.680,00
35	52	1	1	15	R$ 1.560,00	R$ 2.710,00
35	53	1	1	15	R$ 1.590,00	R$ 2.740,00
35	54	1	1	15	R$ 1.620,00	R$ 2.770,00
35	55	1	1	16	R$ 1.650,00	R$ 2.717,50
35	56	1	1	16	R$ 1.680,00	R$ 2.746,00
35	57	1	1	16	R$ 1.710,00	R$ 2.774,50
35	58	1	1	17	R$ 1.740,00	R$ 2.803,00
35	59	1	1	17	R$ 1.770,00	R$ 2.831,50
35	60	1	1	17	R$ 1.800,00	R$ 2.860,00
35	61	1	1	17	R$ 1.830,00	R$ 2.888,50
35	62	1	1	18	R$ 1.860,00	R$ 2.917,00
35	63	1	1	18	R$ 1.890,00	R$ 2.945,50
35	64	1	1	18	R$ 1.920,00	R$ 2.974,00
35	65	1	1	19	R$ 1.950,00	R$ 3.002,50
35	66	1	1	19	R$ 1.980,00	R$ 3.031,00
35	67	1	1	19	R$ 2.010,00	R$ 3.059,50
35	68	1	1	19	R$ 2.040,00	R$ 3.088,00
35	69	1	1	20	R$ 2.070,00	R$ 3.116,50
35	70	1	1	20	R$ 2.100,00	R$ 3.145,00
35	71	1	1	20	R$ 2.130,00	R$ 3.173,50
35	72	1	1	21	R$ 2.160,00	R$ 3.094,00
35	73	1	1	21	R$ 2.190,00	R$ 3.121,00
35	74	1	1	21	R$ 2.220,00	R$ 3.148,00
35	75	1	1	21	R$ 2.250,00	R$ 3.175,00
35	76	1	1	22	R$ 2.280,00	R$ 3.202,00
35	77	1	1	22	R$ 2.310,00	R$ 3.229,00
35	78	1	1	22	R$ 2.340,00	R$ 3.256,00
35	79	1	1	23	R$ 2.370,00	R$ 3.283,00
35	80	1	1	23	R$ 2.400,00	R$ 3.310,00
35	81	1	1	23	R$ 2.430,00	R$ 3.337,00
35	82	1	1	23	R$ 2.460,00	R$ 3.364,00
35	83	1	1	24	R$ 2.490,00	R$ 3.391,00
35	84	1	1	24	R$ 2.520,00	R$ 3.418,00
35	85	1	1	24	R$ 2.550,00	R$ 3.445,00
35	86	1	1	25	R$ 2.580,00	R$ 3.472,00
35	87	1	1	25	R$ 2.610,00	R$ 3.499,00
35	88	1	1	25	R$ 2.640,00	R$ 3.526,00
35	89	1	1	25	R$ 2.670,00	R$ 3.553,00
35	90	1	1	26	R$ 2.700,00	R$ 3.445,00
35	91	1	1	26	R$ 2.730,00	R$ 3.470,50
35	92	1	1	26	R$ 2.760,00	R$ 3.496,00
35	93	1	1	27	R$ 2.790,00	R$ 3.521,50
35	94	1	1	27	R$ 2.820,00	R$ 3.547,00
35	95	1	1	27	R$ 2.850,00	R$ 3.572,50
35	96	1	1	27	R$ 2.880,00	R$ 3.598,00
35	97	1	1	28	R$ 2.910,00	R$ 3.623,50
35	98	1	1	28	R$ 2.940,00	R$ 3.649,00
35	99	1	1	28	R$ 2.970,00	R$ 3.674,50
35	100	1	1	29	R$ 3.000,00	R$ 3.700,00
35	101	1	1	29	R$ 3.030,00	R$ 3.725,50
35	102	1	1	29	R$ 3.060,00	R$ 3.751,00
35	103	1	1	29	R$ 3.090,00	R$ 3.776,50
35	104	1	1	30	R$ 3.120,00	R$ 3.802,00
35	105	1	1	30	R$ 3.150,00	R$ 3.827,50
35	106	1	1	30	R$ 3.180,00	R$ 3.853,00
35	107	1	1	31	R$ 3.210,00	R$ 3.718,00
35	108	1	1	31	R$ 3.240,00	R$ 3.742,00
35	109	1	1	31	R$ 3.270,00	R$ 3.766,00
35	110	1	1	31	R$ 3.300,00	R$ 3.790,00
35	111	1	1	32	R$ 3.330,00	R$ 3.814,00
35	112	1	1	32	R$ 3.360,00	R$ 3.838,00
35	113	1	1	32	R$ 3.390,00	R$ 3.862,00
35	114	1	1	33	R$ 3.420,00	R$ 3.886,00
35	115	1	1	33	R$ 3.450,00	R$ 3.910,00
35	116	1	1	33	R$ 3.480,00	R$ 3.934,00
35	117	1	1	33	R$ 3.510,00	R$ 3.958,00
35	118	1	1	34	R$ 3.540,00	R$ 3.982,00
35	119	1	1	34	R$ 3.570,00	R$ 4.006,00
35	120	1	1	34	R$ 3.600,00	R$ 4.030,00
35	121	1	1	35	R$ 3.630,00	R$ 4.054,00
35	122	1	1	35	R$ 3.660,00	R$ 4.078,00
35	123	1	1	35	R$ 3.690,00	R$ 4.102,00
35	124	1	1	35	R$ 3.720,00	R$ 4.126,00
35	125	1	1	36	R$ 3.750,00	R$ 4.150,00
35	126	1	1	36	R$ 3.780,00	R$ 4.174,00
35	127	1	1	36	R$ 3.810,00	R$ 4.198,00
35	128	1	1	37	R$ 3.840,00	R$ 4.222,00
35	129	1	1	37	R$ 3.870,00	R$ 4.246,00
35	130	1	1	37	R$ 3.900,00	R$ 4.270,00
35	131	1	1	37	R$ 3.930,00	R$ 4.294,00
35	132	1	1	38	R$ 3.960,00	R$ 4.318,00
35	133	1	1	38	R$ 3.990,00	R$ 4.342,00
35	134	1	1	38	R$ 4.020,00	R$ 4.366,00
35	135	1	1	39	R$ 4.050,00	R$ 4.390,00
35	136	1	1	39	R$ 4.080,00	R$ 4.414,00
35	137	1	1	39	R$ 4.110,00	R$ 4.438,00
35	138	1	1	39	R$ 4.140,00	R$ 4.462,00
35	139	1	1	40	R$ 4.170,00	R$ 4.486,00
35	140	1	1	40	R$ 4.200,00	R$ 4.510,00
35	141	1	1	40	R$ 4.230,00	R$ 4.534,00
35	142	1	1	41	R$ 4.260,00	R$ 4.558,00
35	143	1	1	41	R$ 4.290,00	R$ 4.582,00
35	144	1	1	41	R$ 4.320,00	R$ 4.606,00
35	145	1	1	41	R$ 4.350,00	R$ 4.630,00
35	146	1	1	42	R$ 4.380,00	R$ 4.654,00
35	147	1	1	42	R$ 4.410,00	R$ 4.678,00
35	148	1	1	42	R$ 4.440,00	R$ 4.702,00
35	149	1	1	43	R$ 4.470,00	R$ 4.726,00
35	150	1	1	43	R$ 4.500,00	R$ 4.750,00
35	151	1	1	43	R$ 4.530,00	R$ 4.774,00
35	152	1	1	43	R$ 4.560,00	R$ 4.798,00
35	153	1	1	44	R$ 4.590,00	R$ 4.822,00
35	154	1	1	44	R$ 4.620,00	R$ 4.846,00
35	155	1	1	44	R$ 4.650,00	R$ 4.870,00
35	156	1	1	45	R$ 4.680,00	R$ 4.894,00
35	157	1	1	45	R$ 4.710,00	R$ 4.918,00
35	158	1	1	45	R$ 4.740,00	R$ 4.942,00
40	40	0	0	10	R$ 1.200,00	R$ 1.200,00
40	41	0	0	10	R$ 1.230,00	R$ 1.230,00
40	42	0	0	11	R$ 1.260,00	R$ 1.260,00
40	43	0	0	11	R$ 1.290,00	R$ 1.290,00
40	44	0	0	11	R$ 1.320,00	R$ 1.320,00
40	45	0	0	11	R$ 1.350,00	R$ 1.350,00
40	46	0	0	12	R$ 1.380,00	R$ 1.380,00
40	47	0	0	12	R$ 1.410,00	R$ 1.410,00
40	48	0	0	12	R$ 1.440,00	R$ 1.440,00
40	49	0	0	12	R$ 1.470,00	R$ 1.470,00
40	50	0	0	13	R$ 1.500,00	R$ 1.500,00
40	51	0	0	13	R$ 1.530,00	R$ 1.530,00
40	52	0	0	13	R$ 1.560,00	R$ 1.560,00
40	53	0	0	13	R$ 1.590,00	R$ 1.590,00
40	54	0	0	14	R$ 1.620,00	R$ 1.620,00
40	55	0	0	14	R$ 1.650,00	R$ 1.650,00
40	56	0	0	14	R$ 1.680,00	R$ 1.680,00
40	57	0	0	14	R$ 1.710,00	R$ 1.710,00
40	58	0	0	15	R$ 1.740,00	R$ 1.740,00
40	59	0	0	15	R$ 1.770,00	R$ 1.770,00
40	60	0	0	15	R$ 1.800,00	R$ 1.800,00
40	61	0	0	15	R$ 1.830,00	R$ 1.830,00
40	62	0	0	16	R$ 1.860,00	R$ 1.767,00
40	63	0	0	16	R$ 1.890,00	R$ 1.795,50
40	64	0	0	16	R$ 1.920,00	R$ 1.824,00
40	65	0	0	16	R$ 1.950,00	R$ 1.852,50
40	66	0	0	17	R$ 1.980,00	R$ 1.881,00
40	67	0	0	17	R$ 2.010,00	R$ 1.909,50
40	68	0	0	17	R$ 2.040,00	R$ 1.938,00
40	69	0	0	17	R$ 2.070,00	R$ 1.966,50
40	70	0	0	18	R$ 2.100,00	R$ 1.995,00
40	71	0	0	18	R$ 2.130,00	R$ 2.023,50
40	72	0	0	18	R$ 2.160,00	R$ 2.052,00
40	73	0	0	18	R$ 2.190,00	R$ 2.080,50
40	74	0	0	19	R$ 2.220,00	R$ 2.109,00
40	75	0	0	19	R$ 2.250,00	R$ 2.137,50
40	76	0	0	19	R$ 2.280,00	R$ 2.166,00
40	77	0	0	19	R$ 2.310,00	R$ 2.194,50
40	78	0	0	20	R$ 2.340,00	R$ 2.223,00
40	79	0	0	20	R$ 2.370,00	R$ 2.251,50
40	80	0	0	20	R$ 2.400,00	R$ 2.280,00
40	81	0	0	20	R$ 2.430,00	R$ 2.308,50
40	82	0	0	21	R$ 2.460,00	R$ 2.214,00
40	83	0	0	21	R$ 2.490,00	R$ 2.241,00
40	84	0	0	21	R$ 2.520,00	R$ 2.268,00
40	85	0	0	21	R$ 2.550,00	R$ 2.295,00
40	86	0	0	22	R$ 2.580,00	R$ 2.322,00
40	87	0	0	22	R$ 2.610,00	R$ 2.349,00
40	88	0	0	22	R$ 2.640,00	R$ 2.376,00
40	89	0	0	22	R$ 2.670,00	R$ 2.403,00
40	90	0	0	23	R$ 2.700,00	R$ 2.430,00
40	91	0	0	23	R$ 2.730,00	R$ 2.457,00
40	92	0	0	23	R$ 2.760,00	R$ 2.484,00
40	93	0	0	23	R$ 2.790,00	R$ 2.511,00
40	94	0	0	24	R$ 2.820,00	R$ 2.538,00
40	95	0	0	24	R$ 2.850,00	R$ 2.565,00
40	96	0	0	24	R$ 2.880,00	R$ 2.592,00
40	97	0	0	24	R$ 2.910,00	R$ 2.619,00
40	98	0	0	25	R$ 2.940,00	R$ 2.646,00
40	99	0	0	25	R$ 2.970,00	R$ 2.673,00
40	100	0	0	25	R$ 3.000,00	R$ 2.700,00
40	101	0	0	25	R$ 3.030,00	R$ 2.727,00
40	102	0	0	26	R$ 3.060,00	R$ 2.601,00
40	103	0	0	26	R$ 3.090,00	R$ 2.626,50
40	104	0	0	26	R$ 3.120,00	R$ 2.652,00
40	105	0	0	26	R$ 3.150,00	R$ 2.677,50
40	106	0	0	27	R$ 3.180,00	R$ 2.703,00
40	107	0	0	27	R$ 3.210,00	R$ 2.728,50
40	108	0	0	27	R$ 3.240,00	R$ 2.754,00
40	109	0	0	27	R$ 3.270,00	R$ 2.779,50
40	110	0	0	28	R$ 3.300,00	R$ 2.805,00
40	111	0	0	28	R$ 3.330,00	R$ 2.830,50
40	112	0	0	28	R$ 3.360,00	R$ 2.856,00
40	113	0	0	28	R$ 3.390,00	R$ 2.881,50
40	114	0	0	29	R$ 3.420,00	R$ 2.907,00
40	115	0	0	29	R$ 3.450,00	R$ 2.932,50
40	116	0	0	29	R$ 3.480,00	R$ 2.958,00
40	117	0	0	29	R$ 3.510,00	R$ 2.983,50
40	118	0	0	30	R$ 3.540,00	R$ 3.009,00
40	119	0	0	30	R$ 3.570,00	R$ 3.034,50
40	120	0	0	30	R$ 3.600,00	R$ 3.060,00
40	121	0	0	30	R$ 3.630,00	R$ 3.085,50
40	122	0	0	31	R$ 3.660,00	R$ 2.928,00
40	123	0	0	31	R$ 3.690,00	R$ 2.952,00
40	124	0	0	31	R$ 3.720,00	R$ 2.976,00
40	125	0	0	31	R$ 3.750,00	R$ 3.000,00
40	126	0	0	32	R$ 3.780,00	R$ 3.024,00
40	127	0	0	32	R$ 3.810,00	R$ 3.048,00
40	128	0	0	32	R$ 3.840,00	R$ 3.072,00
40	129	0	0	32	R$ 3.870,00	R$ 3.096,00
40	130	0	0	33	R$ 3.900,00	R$ 3.120,00
40	131	0	0	33	R$ 3.930,00	R$ 3.144,00
40	132	0	0	33	R$ 3.960,00	R$ 3.168,00
40	133	0	0	33	R$ 3.990,00	R$ 3.192,00
40	134	0	0	34	R$ 4.020,00	R$ 3.216,00
40	135	0	0	34	R$ 4.050,00	R$ 3.240,00
40	136	0	0	34	R$ 4.080,00	R$ 3.264,00
40	137	0	0	34	R$ 4.110,00	R$ 3.288,00
40	138	0	0	35	R$ 4.140,00	R$ 3.312,00
40	139	0	0	35	R$ 4.170,00	R$ 3.336,00
40	140	0	0	35	R$ 4.200,00	R$ 3.360,00
40	141	0	0	35	R$ 4.230,00	R$ 3.384,00
40	142	0	0	36	R$ 4.260,00	R$ 3.408,00
40	143	0	0	36	R$ 4.290,00	R$ 3.432,00
40	144	0	0	36	R$ 4.320,00	R$ 3.456,00
40	145	0	0	36	R$ 4.350,00	R$ 3.480,00
40	146	0	0	37	R$ 4.380,00	R$ 3.504,00
40	147	0	0	37	R$ 4.410,00	R$ 3.528,00
40	148	0	0	37	R$ 4.440,00	R$ 3.552,00
40	149	0	0	37	R$ 4.470,00	R$ 3.576,00
40	150	0	0	38	R$ 4.500,00	R$ 3.600,00
40	151	0	0	38	R$ 4.530,00	R$ 3.624,00
40	152	0	0	38	R$ 4.560,00	R$ 3.648,00
40	153	0	0	38	R$ 4.590,00	R$ 3.672,00
40	154	0	0	39	R$ 4.620,00	R$ 3.696,00
40	155	0	0	39	R$ 4.650,00	R$ 3.720,00
40	156	0	0	39	R$ 4.680,00	R$ 3.744,00
40	157	0	0	39	R$ 4.710,00	R$ 3.768,00
40	158	0	0	40	R$ 4.740,00	R$ 3.792,00
40	159	0	0	40	R$ 4.770,00	R$ 3.816,00
40	160	0	0	40	R$ 4.800,00	R$ 3.840,00
40	161	0	0	40	R$ 4.830,00	R$ 3.864,00
40	162	0	0	41	R$ 4.860,00	R$ 3.888,00
40	163	0	0	41	R$ 4.890,00	R$ 3.912,00
40	164	0	0	41	R$ 4.920,00	R$ 3.936,00
40	165	0	0	41	R$ 4.950,00	R$ 3.960,00
40	166	0	0	42	R$ 4.980,00	R$ 3.984,00
40	167	0	0	42	R$ 5.010,00	R$ 4.008,00
40	168	0	0	42	R$ 5.040,00	R$ 4.032,00
40	169	0	0	42	R$ 5.070,00	R$ 4.056,00
40	170	0	0	43	R$ 5.100,00	R$ 4.080,00
40	171	0	0	43	R$ 5.130,00	R$ 4.104,00
40	172	0	0	43	R$ 5.160,00	R$ 4.128,00
40	173	0	0	43	R$ 5.190,00	R$ 4.152,00
40	174	0	0	44	R$ 5.220,00	R$ 4.176,00
40	175	0	0	44	R$ 5.250,00	R$ 4.200,00
40	176	0	0	44	R$ 5.280,00	R$ 4.224,00
40	177	0	0	44	R$ 5.310,00	R$ 4.248,00
40	178	0	0	45	R$ 5.340,00	R$ 4.272,00
40	179	0	0	45	R$ 5.370,00	R$ 4.296,00
40	180	0	0	45	R$ 5.400,00	R$ 4.320,00
40	40	1	0	10	R$ 1.200,00	R$ 1.700,00
40	41	1	0	10	R$ 1.230,00	R$ 1.730,00
40	42	1	0	11	R$ 1.260,00	R$ 1.760,00
40	43	1	0	11	R$ 1.290,00	R$ 1.790,00
40	44	1	0	11	R$ 1.320,00	R$ 1.820,00
40	45	1	0	11	R$ 1.350,00	R$ 1.850,00
40	46	1	0	12	R$ 1.380,00	R$ 1.880,00
40	47	1	0	12	R$ 1.410,00	R$ 1.910,00
40	48	1	0	12	R$ 1.440,00	R$ 1.940,00
40	49	1	0	12	R$ 1.470,00	R$ 1.970,00
40	50	1	0	13	R$ 1.500,00	R$ 2.000,00
40	51	1	0	13	R$ 1.530,00	R$ 2.030,00
40	52	1	0	13	R$ 1.560,00	R$ 2.060,00
40	53	1	0	13	R$ 1.590,00	R$ 2.090,00
40	54	1	0	14	R$ 1.620,00	R$ 2.120,00
40	55	1	0	14	R$ 1.650,00	R$ 2.150,00
40	56	1	0	14	R$ 1.680,00	R$ 2.180,00
40	57	1	0	14	R$ 1.710,00	R$ 2.210,00
40	58	1	0	15	R$ 1.740,00	R$ 2.240,00
40	59	1	0	15	R$ 1.770,00	R$ 2.270,00
40	60	1	0	15	R$ 1.800,00	R$ 2.300,00
40	61	1	0	15	R$ 1.830,00	R$ 2.330,00
40	62	1	0	16	R$ 1.860,00	R$ 2.267,00
40	63	1	0	16	R$ 1.890,00	R$ 2.295,50
40	64	1	0	16	R$ 1.920,00	R$ 2.324,00
40	65	1	0	16	R$ 1.950,00	R$ 2.352,50
40	66	1	0	17	R$ 1.980,00	R$ 2.381,00
40	67	1	0	17	R$ 2.010,00	R$ 2.409,50
40	68	1	0	17	R$ 2.040,00	R$ 2.438,00
40	69	1	0	17	R$ 2.070,00	R$ 2.466,50
40	70	1	0	18	R$ 2.100,00	R$ 2.495,00
40	71	1	0	18	R$ 2.130,00	R$ 2.523,50
40	72	1	0	18	R$ 2.160,00	R$ 2.552,00
40	73	1	0	18	R$ 2.190,00	R$ 2.580,50
40	74	1	0	19	R$ 2.220,00	R$ 2.609,00
40	75	1	0	19	R$ 2.250,00	R$ 2.637,50
40	76	1	0	19	R$ 2.280,00	R$ 2.666,00
40	77	1	0	19	R$ 2.310,00	R$ 2.694,50
40	78	1	0	20	R$ 2.340,00	R$ 2.723,00
40	79	1	0	20	R$ 2.370,00	R$ 2.751,50
40	80	1	0	20	R$ 2.400,00	R$ 2.780,00
40	81	1	0	20	R$ 2.430,00	R$ 2.808,50
40	82	1	0	21	R$ 2.460,00	R$ 2.714,00
40	83	1	0	21	R$ 2.490,00	R$ 2.741,00
40	84	1	0	21	R$ 2.520,00	R$ 2.768,00
40	85	1	0	21	R$ 2.550,00	R$ 2.795,00
40	86	1	0	22	R$ 2.580,00	R$ 2.822,00
40	87	1	0	22	R$ 2.610,00	R$ 2.849,00
40	88	1	0	22	R$ 2.640,00	R$ 2.876,00
40	89	1	0	22	R$ 2.670,00	R$ 2.903,00
40	90	1	0	23	R$ 2.700,00	R$ 2.930,00
40	91	1	0	23	R$ 2.730,00	R$ 2.957,00
40	92	1	0	23	R$ 2.760,00	R$ 2.984,00
40	93	1	0	23	R$ 2.790,00	R$ 3.011,00
40	94	1	0	24	R$ 2.820,00	R$ 3.038,00
40	95	1	0	24	R$ 2.850,00	R$ 3.065,00
40	96	1	0	24	R$ 2.880,00	R$ 3.092,00
40	97	1	0	24	R$ 2.910,00	R$ 3.119,00
40	98	1	0	25	R$ 2.940,00	R$ 3.146,00
40	99	1	0	25	R$ 2.970,00	R$ 3.173,00
40	100	1	0	25	R$ 3.000,00	R$ 3.200,00
40	101	1	0	25	R$ 3.030,00	R$ 3.227,00
40	102	1	0	26	R$ 3.060,00	R$ 3.101,00
40	103	1	0	26	R$ 3.090,00	R$ 3.126,50
40	104	1	0	26	R$ 3.120,00	R$ 3.152,00
40	105	1	0	26	R$ 3.150,00	R$ 3.177,50
40	106	1	0	27	R$ 3.180,00	R$ 3.203,00
40	107	1	0	27	R$ 3.210,00	R$ 3.228,50
40	108	1	0	27	R$ 3.240,00	R$ 3.254,00
40	109	1	0	27	R$ 3.270,00	R$ 3.279,50
40	110	1	0	28	R$ 3.300,00	R$ 3.305,00
40	111	1	0	28	R$ 3.330,00	R$ 3.330,50
40	112	1	0	28	R$ 3.360,00	R$ 3.356,00
40	113	1	0	28	R$ 3.390,00	R$ 3.381,50
40	114	1	0	29	R$ 3.420,00	R$ 3.407,00
40	115	1	0	29	R$ 3.450,00	R$ 3.432,50
40	116	1	0	29	R$ 3.480,00	R$ 3.458,00
40	117	1	0	29	R$ 3.510,00	R$ 3.483,50
40	118	1	0	30	R$ 3.540,00	R$ 3.509,00
40	119	1	0	30	R$ 3.570,00	R$ 3.534,50
40	120	1	0	30	R$ 3.600,00	R$ 3.560,00
40	121	1	0	30	R$ 3.630,00	R$ 3.585,50
40	122	1	0	31	R$ 3.660,00	R$ 3.428,00
40	123	1	0	31	R$ 3.690,00	R$ 3.452,00
40	124	1	0	31	R$ 3.720,00	R$ 3.476,00
40	125	1	0	31	R$ 3.750,00	R$ 3.500,00
40	126	1	0	32	R$ 3.780,00	R$ 3.524,00
40	127	1	0	32	R$ 3.810,00	R$ 3.548,00
40	128	1	0	32	R$ 3.840,00	R$ 3.572,00
40	129	1	0	32	R$ 3.870,00	R$ 3.596,00
40	130	1	0	33	R$ 3.900,00	R$ 3.620,00
40	131	1	0	33	R$ 3.930,00	R$ 3.644,00
40	132	1	0	33	R$ 3.960,00	R$ 3.668,00
40	133	1	0	33	R$ 3.990,00	R$ 3.692,00
40	134	1	0	34	R$ 4.020,00	R$ 3.716,00
40	135	1	0	34	R$ 4.050,00	R$ 3.740,00
40	136	1	0	34	R$ 4.080,00	R$ 3.764,00
40	137	1	0	34	R$ 4.110,00	R$ 3.788,00
40	138	1	0	35	R$ 4.140,00	R$ 3.812,00
40	139	1	0	35	R$ 4.170,00	R$ 3.836,00
40	140	1	0	35	R$ 4.200,00	R$ 3.860,00
40	141	1	0	35	R$ 4.230,00	R$ 3.884,00
40	142	1	0	36	R$ 4.260,00	R$ 3.908,00
40	143	1	0	36	R$ 4.290,00	R$ 3.932,00
40	144	1	0	36	R$ 4.320,00	R$ 3.956,00
40	145	1	0	36	R$ 4.350,00	R$ 3.980,00
40	146	1	0	37	R$ 4.380,00	R$ 4.004,00
40	147	1	0	37	R$ 4.410,00	R$ 4.028,00
40	148	1	0	37	R$ 4.440,00	R$ 4.052,00
40	149	1	0	37	R$ 4.470,00	R$ 4.076,00
40	150	1	0	38	R$ 4.500,00	R$ 4.100,00
40	151	1	0	38	R$ 4.530,00	R$ 4.124,00
40	152	1	0	38	R$ 4.560,00	R$ 4.148,00
40	153	1	0	38	R$ 4.590,00	R$ 4.172,00
40	154	1	0	39	R$ 4.620,00	R$ 4.196,00
40	155	1	0	39	R$ 4.650,00	R$ 4.220,00
40	156	1	0	39	R$ 4.680,00	R$ 4.244,00
40	157	1	0	39	R$ 4.710,00	R$ 4.268,00
40	158	1	0	40	R$ 4.740,00	R$ 4.292,00
40	159	1	0	40	R$ 4.770,00	R$ 4.316,00
40	160	1	0	40	R$ 4.800,00	R$ 4.340,00
40	161	1	0	40	R$ 4.830,00	R$ 4.364,00
40	162	1	0	41	R$ 4.860,00	R$ 4.388,00
40	163	1	0	41	R$ 4.890,00	R$ 4.412,00
40	164	1	0	41	R$ 4.920,00	R$ 4.436,00
40	165	1	0	41	R$ 4.950,00	R$ 4.460,00
40	166	1	0	42	R$ 4.980,00	R$ 4.484,00
40	167	1	0	42	R$ 5.010,00	R$ 4.508,00
40	168	1	0	42	R$ 5.040,00	R$ 4.532,00
40	169	1	0	42	R$ 5.070,00	R$ 4.556,00
40	170	1	0	43	R$ 5.100,00	R$ 4.580,00
40	171	1	0	43	R$ 5.130,00	R$ 4.604,00
40	172	1	0	43	R$ 5.160,00	R$ 4.628,00
40	173	1	0	43	R$ 5.190,00	R$ 4.652,00
40	174	1	0	44	R$ 5.220,00	R$ 4.676,00
40	175	1	0	44	R$ 5.250,00	R$ 4.700,00
40	176	1	0	44	R$ 5.280,00	R$ 4.724,00
40	177	1	0	44	R$ 5.310,00	R$ 4.748,00
40	178	1	0	45	R$ 5.340,00	R$ 4.772,00
40	179	1	0	45	R$ 5.370,00	R$ 4.796,00
40	180	1	0	45	R$ 5.400,00	R$ 4.820,00
40	40	0	1	10	R$ 1.200,00	R$ 1.850,00
40	41	0	1	10	R$ 1.230,00	R$ 1.880,00
40	42	0	1	11	R$ 1.260,00	R$ 1.910,00
40	43	0	1	11	R$ 1.290,00	R$ 1.940,00
40	44	0	1	11	R$ 1.320,00	R$ 1.970,00
40	45	0	1	11	R$ 1.350,00	R$ 2.000,00
40	46	0	1	12	R$ 1.380,00	R$ 2.030,00
40	47	0	1	12	R$ 1.410,00	R$ 2.060,00
40	48	0	1	12	R$ 1.440,00	R$ 2.090,00
40	49	0	1	12	R$ 1.470,00	R$ 2.120,00
40	50	0	1	13	R$ 1.500,00	R$ 2.150,00
40	51	0	1	13	R$ 1.530,00	R$ 2.180,00
40	52	0	1	13	R$ 1.560,00	R$ 2.210,00
40	53	0	1	13	R$ 1.590,00	R$ 2.240,00
40	54	0	1	14	R$ 1.620,00	R$ 2.270,00
40	55	0	1	14	R$ 1.650,00	R$ 2.300,00
40	56	0	1	14	R$ 1.680,00	R$ 2.330,00
40	57	0	1	14	R$ 1.710,00	R$ 2.360,00
40	58	0	1	15	R$ 1.740,00	R$ 2.390,00
40	59	0	1	15	R$ 1.770,00	R$ 2.420,00
40	60	0	1	15	R$ 1.800,00	R$ 2.450,00
40	61	0	1	15	R$ 1.830,00	R$ 2.480,00
40	62	0	1	16	R$ 1.860,00	R$ 2.417,00
40	63	0	1	16	R$ 1.890,00	R$ 2.445,50
40	64	0	1	16	R$ 1.920,00	R$ 2.474,00
40	65	0	1	16	R$ 1.950,00	R$ 2.502,50
40	66	0	1	17	R$ 1.980,00	R$ 2.531,00
40	67	0	1	17	R$ 2.010,00	R$ 2.559,50
40	68	0	1	17	R$ 2.040,00	R$ 2.588,00
40	69	0	1	17	R$ 2.070,00	R$ 2.616,50
40	70	0	1	18	R$ 2.100,00	R$ 2.645,00
40	71	0	1	18	R$ 2.130,00	R$ 2.673,50
40	72	0	1	18	R$ 2.160,00	R$ 2.702,00
40	73	0	1	18	R$ 2.190,00	R$ 2.730,50
40	74	0	1	19	R$ 2.220,00	R$ 2.759,00
40	75	0	1	19	R$ 2.250,00	R$ 2.787,50
40	76	0	1	19	R$ 2.280,00	R$ 2.816,00
40	77	0	1	19	R$ 2.310,00	R$ 2.844,50
40	78	0	1	20	R$ 2.340,00	R$ 2.873,00
40	79	0	1	20	R$ 2.370,00	R$ 2.901,50
40	80	0	1	20	R$ 2.400,00	R$ 2.930,00
40	81	0	1	20	R$ 2.430,00	R$ 2.958,50
40	82	0	1	21	R$ 2.460,00	R$ 2.864,00
40	83	0	1	21	R$ 2.490,00	R$ 2.891,00
40	84	0	1	21	R$ 2.520,00	R$ 2.918,00
40	85	0	1	21	R$ 2.550,00	R$ 2.945,00
40	86	0	1	22	R$ 2.580,00	R$ 2.972,00
40	87	0	1	22	R$ 2.610,00	R$ 2.999,00
40	88	0	1	22	R$ 2.640,00	R$ 3.026,00
40	89	0	1	22	R$ 2.670,00	R$ 3.053,00
40	90	0	1	23	R$ 2.700,00	R$ 3.080,00
40	91	0	1	23	R$ 2.730,00	R$ 3.107,00
40	92	0	1	23	R$ 2.760,00	R$ 3.134,00
40	93	0	1	23	R$ 2.790,00	R$ 3.161,00
40	94	0	1	24	R$ 2.820,00	R$ 3.188,00
40	95	0	1	24	R$ 2.850,00	R$ 3.215,00
40	96	0	1	24	R$ 2.880,00	R$ 3.242,00
40	97	0	1	24	R$ 2.910,00	R$ 3.269,00
40	98	0	1	25	R$ 2.940,00	R$ 3.296,00
40	99	0	1	25	R$ 2.970,00	R$ 3.323,00
40	100	0	1	25	R$ 3.000,00	R$ 3.350,00
40	101	0	1	25	R$ 3.030,00	R$ 3.377,00
40	102	0	1	26	R$ 3.060,00	R$ 3.251,00
40	103	0	1	26	R$ 3.090,00	R$ 3.276,50
40	104	0	1	26	R$ 3.120,00	R$ 3.302,00
40	105	0	1	26	R$ 3.150,00	R$ 3.327,50
40	106	0	1	27	R$ 3.180,00	R$ 3.353,00
40	107	0	1	27	R$ 3.210,00	R$ 3.378,50
40	108	0	1	27	R$ 3.240,00	R$ 3.404,00
40	109	0	1	27	R$ 3.270,00	R$ 3.429,50
40	110	0	1	28	R$ 3.300,00	R$ 3.455,00
40	111	0	1	28	R$ 3.330,00	R$ 3.480,50
40	112	0	1	28	R$ 3.360,00	R$ 3.506,00
40	113	0	1	28	R$ 3.390,00	R$ 3.531,50
40	114	0	1	29	R$ 3.420,00	R$ 3.557,00
40	115	0	1	29	R$ 3.450,00	R$ 3.582,50
40	116	0	1	29	R$ 3.480,00	R$ 3.608,00
40	117	0	1	29	R$ 3.510,00	R$ 3.633,50
40	118	0	1	30	R$ 3.540,00	R$ 3.659,00
40	119	0	1	30	R$ 3.570,00	R$ 3.684,50
40	120	0	1	30	R$ 3.600,00	R$ 3.710,00
40	121	0	1	30	R$ 3.630,00	R$ 3.735,50
40	122	0	1	31	R$ 3.660,00	R$ 3.578,00
40	123	0	1	31	R$ 3.690,00	R$ 3.602,00
40	124	0	1	31	R$ 3.720,00	R$ 3.626,00
40	125	0	1	31	R$ 3.750,00	R$ 3.650,00
40	126	0	1	32	R$ 3.780,00	R$ 3.674,00
40	127	0	1	32	R$ 3.810,00	R$ 3.698,00
40	128	0	1	32	R$ 3.840,00	R$ 3.722,00
40	129	0	1	32	R$ 3.870,00	R$ 3.746,00
40	130	0	1	33	R$ 3.900,00	R$ 3.770,00
40	131	0	1	33	R$ 3.930,00	R$ 3.794,00
40	132	0	1	33	R$ 3.960,00	R$ 3.818,00
40	133	0	1	33	R$ 3.990,00	R$ 3.842,00
40	134	0	1	34	R$ 4.020,00	R$ 3.866,00
40	135	0	1	34	R$ 4.050,00	R$ 3.890,00
40	136	0	1	34	R$ 4.080,00	R$ 3.914,00
40	137	0	1	34	R$ 4.110,00	R$ 3.938,00
40	138	0	1	35	R$ 4.140,00	R$ 3.962,00
40	139	0	1	35	R$ 4.170,00	R$ 3.986,00
40	140	0	1	35	R$ 4.200,00	R$ 4.010,00
40	141	0	1	35	R$ 4.230,00	R$ 4.034,00
40	142	0	1	36	R$ 4.260,00	R$ 4.058,00
40	143	0	1	36	R$ 4.290,00	R$ 4.082,00
40	144	0	1	36	R$ 4.320,00	R$ 4.106,00
40	145	0	1	36	R$ 4.350,00	R$ 4.130,00
40	146	0	1	37	R$ 4.380,00	R$ 4.154,00
40	147	0	1	37	R$ 4.410,00	R$ 4.178,00
40	148	0	1	37	R$ 4.440,00	R$ 4.202,00
40	149	0	1	37	R$ 4.470,00	R$ 4.226,00
40	150	0	1	38	R$ 4.500,00	R$ 4.250,00
40	151	0	1	38	R$ 4.530,00	R$ 4.274,00
40	152	0	1	38	R$ 4.560,00	R$ 4.298,00
40	153	0	1	38	R$ 4.590,00	R$ 4.322,00
40	154	0	1	39	R$ 4.620,00	R$ 4.346,00
40	155	0	1	39	R$ 4.650,00	R$ 4.370,00
40	156	0	1	39	R$ 4.680,00	R$ 4.394,00
40	157	0	1	39	R$ 4.710,00	R$ 4.418,00
40	158	0	1	40	R$ 4.740,00	R$ 4.442,00
40	159	0	1	40	R$ 4.770,00	R$ 4.466,00
40	160	0	1	40	R$ 4.800,00	R$ 4.490,00
40	161	0	1	40	R$ 4.830,00	R$ 4.514,00
40	162	0	1	41	R$ 4.860,00	R$ 4.538,00
40	163	0	1	41	R$ 4.890,00	R$ 4.562,00
40	164	0	1	41	R$ 4.920,00	R$ 4.586,00
40	165	0	1	41	R$ 4.950,00	R$ 4.610,00
40	166	0	1	42	R$ 4.980,00	R$ 4.634,00
40	167	0	1	42	R$ 5.010,00	R$ 4.658,00
40	168	0	1	42	R$ 5.040,00	R$ 4.682,00
40	169	0	1	42	R$ 5.070,00	R$ 4.706,00
40	170	0	1	43	R$ 5.100,00	R$ 4.730,00
40	171	0	1	43	R$ 5.130,00	R$ 4.754,00
40	172	0	1	43	R$ 5.160,00	R$ 4.778,00
40	173	0	1	43	R$ 5.190,00	R$ 4.802,00
40	174	0	1	44	R$ 5.220,00	R$ 4.826,00
40	175	0	1	44	R$ 5.250,00	R$ 4.850,00
40	176	0	1	44	R$ 5.280,00	R$ 4.874,00
40	177	0	1	44	R$ 5.310,00	R$ 4.898,00
40	178	0	1	45	R$ 5.340,00	R$ 4.922,00
40	179	0	1	45	R$ 5.370,00	R$ 4.946,00
40	180	0	1	45	R$ 5.400,00	R$ 4.970,00
40	40	1	1	10	R$ 1.200,00	R$ 2.350,00
40	41	1	1	10	R$ 1.230,00	R$ 2.380,00
40	42	1	1	11	R$ 1.260,00	R$ 2.410,00
40	43	1	1	11	R$ 1.290,00	R$ 2.440,00
40	44	1	1	11	R$ 1.320,00	R$ 2.470,00
40	45	1	1	11	R$ 1.350,00	R$ 2.500,00
40	46	1	1	12	R$ 1.380,00	R$ 2.530,00
40	47	1	1	12	R$ 1.410,00	R$ 2.560,00
40	48	1	1	12	R$ 1.440,00	R$ 2.590,00
40	49	1	1	12	R$ 1.470,00	R$ 2.620,00
40	50	1	1	13	R$ 1.500,00	R$ 2.650,00
40	51	1	1	13	R$ 1.530,00	R$ 2.680,00
40	52	1	1	13	R$ 1.560,00	R$ 2.710,00
40	53	1	1	13	R$ 1.590,00	R$ 2.740,00
40	54	1	1	14	R$ 1.620,00	R$ 2.770,00
40	55	1	1	14	R$ 1.650,00	R$ 2.800,00
40	56	1	1	14	R$ 1.680,00	R$ 2.830,00
40	57	1	1	14	R$ 1.710,00	R$ 2.860,00
40	58	1	1	15	R$ 1.740,00	R$ 2.890,00
40	59	1	1	15	R$ 1.770,00	R$ 2.920,00
40	60	1	1	15	R$ 1.800,00	R$ 2.950,00
40	61	1	1	15	R$ 1.830,00	R$ 2.980,00
40	62	1	1	16	R$ 1.860,00	R$ 2.917,00
40	63	1	1	16	R$ 1.890,00	R$ 2.945,50
40	64	1	1	16	R$ 1.920,00	R$ 2.974,00
40	65	1	1	16	R$ 1.950,00	R$ 3.002,50
40	66	1	1	17	R$ 1.980,00	R$ 3.031,00
40	67	1	1	17	R$ 2.010,00	R$ 3.059,50
40	68	1	1	17	R$ 2.040,00	R$ 3.088,00
40	69	1	1	17	R$ 2.070,00	R$ 3.116,50
40	70	1	1	18	R$ 2.100,00	R$ 3.145,00
40	71	1	1	18	R$ 2.130,00	R$ 3.173,50
40	72	1	1	18	R$ 2.160,00	R$ 3.202,00
40	73	1	1	18	R$ 2.190,00	R$ 3.230,50
40	74	1	1	19	R$ 2.220,00	R$ 3.259,00
40	75	1	1	19	R$ 2.250,00	R$ 3.287,50
40	76	1	1	19	R$ 2.280,00	R$ 3.316,00
40	77	1	1	19	R$ 2.310,00	R$ 3.344,50
40	78	1	1	20	R$ 2.340,00	R$ 3.373,00
40	79	1	1	20	R$ 2.370,00	R$ 3.401,50
40	80	1	1	20	R$ 2.400,00	R$ 3.430,00
40	81	1	1	20	R$ 2.430,00	R$ 3.458,50
40	82	1	1	21	R$ 2.460,00	R$ 3.364,00
40	83	1	1	21	R$ 2.490,00	R$ 3.391,00
40	84	1	1	21	R$ 2.520,00	R$ 3.418,00
40	85	1	1	21	R$ 2.550,00	R$ 3.445,00
40	86	1	1	22	R$ 2.580,00	R$ 3.472,00
40	87	1	1	22	R$ 2.610,00	R$ 3.499,00
40	88	1	1	22	R$ 2.640,00	R$ 3.526,00
40	89	1	1	22	R$ 2.670,00	R$ 3.553,00
40	90	1	1	23	R$ 2.700,00	R$ 3.580,00
40	91	1	1	23	R$ 2.730,00	R$ 3.607,00
40	92	1	1	23	R$ 2.760,00	R$ 3.634,00
40	93	1	1	23	R$ 2.790,00	R$ 3.661,00
40	94	1	1	24	R$ 2.820,00	R$ 3.688,00
40	95	1	1	24	R$ 2.850,00	R$ 3.715,00
40	96	1	1	24	R$ 2.880,00	R$ 3.742,00
40	97	1	1	24	R$ 2.910,00	R$ 3.769,00
40	98	1	1	25	R$ 2.940,00	R$ 3.796,00
40	99	1	1	25	R$ 2.970,00	R$ 3.823,00
40	100	1	1	25	R$ 3.000,00	R$ 3.850,00
40	101	1	1	25	R$ 3.030,00	R$ 3.877,00
40	102	1	1	26	R$ 3.060,00	R$ 3.751,00
40	103	1	1	26	R$ 3.090,00	R$ 3.776,50
40	104	1	1	26	R$ 3.120,00	R$ 3.802,00
40	105	1	1	26	R$ 3.150,00	R$ 3.827,50
40	106	1	1	27	R$ 3.180,00	R$ 3.853,00
40	107	1	1	27	R$ 3.210,00	R$ 3.878,50
40	108	1	1	27	R$ 3.240,00	R$ 3.904,00
40	109	1	1	27	R$ 3.270,00	R$ 3.929,50
40	110	1	1	28	R$ 3.300,00	R$ 3.955,00
40	111	1	1	28	R$ 3.330,00	R$ 3.980,50
40	112	1	1	28	R$ 3.360,00	R$ 4.006,00
40	113	1	1	28	R$ 3.390,00	R$ 4.031,50
40	114	1	1	29	R$ 3.420,00	R$ 4.057,00
40	115	1	1	29	R$ 3.450,00	R$ 4.082,50
40	116	1	1	29	R$ 3.480,00	R$ 4.108,00
40	117	1	1	29	R$ 3.510,00	R$ 4.133,50
40	118	1	1	30	R$ 3.540,00	R$ 4.159,00
40	119	1	1	30	R$ 3.570,00	R$ 4.184,50
40	120	1	1	30	R$ 3.600,00	R$ 4.210,00
40	121	1	1	30	R$ 3.630,00	R$ 4.235,50
40	122	1	1	31	R$ 3.660,00	R$ 4.078,00
40	123	1	1	31	R$ 3.690,00	R$ 4.102,00
40	124	1	1	31	R$ 3.720,00	R$ 4.126,00
40	125	1	1	31	R$ 3.750,00	R$ 4.150,00
40	126	1	1	32	R$ 3.780,00	R$ 4.174,00
40	127	1	1	32	R$ 3.810,00	R$ 4.198,00
40	128	1	1	32	R$ 3.840,00	R$ 4.222,00
40	129	1	1	32	R$ 3.870,00	R$ 4.246,00
40	130	1	1	33	R$ 3.900,00	R$ 4.270,00
40	131	1	1	33	R$ 3.930,00	R$ 4.294,00
40	132	1	1	33	R$ 3.960,00	R$ 4.318,00
40	133	1	1	33	R$ 3.990,00	R$ 4.342,00
40	134	1	1	34	R$ 4.020,00	R$ 4.366,00
40	135	1	1	34	R$ 4.050,00	R$ 4.390,00
40	136	1	1	34	R$ 4.080,00	R$ 4.414,00
40	137	1	1	34	R$ 4.110,00	R$ 4.438,00
40	138	1	1	35	R$ 4.140,00	R$ 4.462,00
40	139	1	1	35	R$ 4.170,00	R$ 4.486,00
40	140	1	1	35	R$ 4.200,00	R$ 4.510,00
40	141	1	1	35	R$ 4.230,00	R$ 4.534,00
40	142	1	1	36	R$ 4.260,00	R$ 4.558,00
40	143	1	1	36	R$ 4.290,00	R$ 4.582,00
40	144	1	1	36	R$ 4.320,00	R$ 4.606,00
40	145	1	1	36	R$ 4.350,00	R$ 4.630,00
40	146	1	1	37	R$ 4.380,00	R$ 4.654,00
40	147	1	1	37	R$ 4.410,00	R$ 4.678,00
40	148	1	1	37	R$ 4.440,00	R$ 4.702,00
40	149	1	1	37	R$ 4.470,00	R$ 4.726,00
40	150	1	1	38	R$ 4.500,00	R$ 4.750,00
40	151	1	1	38	R$ 4.530,00	R$ 4.774,00
40	152	1	1	38	R$ 4.560,00	R$ 4.798,00
40	153	1	1	38	R$ 4.590,00	R$ 4.822,00
40	154	1	1	39	R$ 4.620,00	R$ 4.846,00
40	155	1	1	39	R$ 4.650,00	R$ 4.870,00
40	156	1	1	39	R$ 4.680,00	R$ 4.894,00
40	157	1	1	39	R$ 4.710,00	R$ 4.918,00
40	158	1	1	40	R$ 4.740,00	R$ 4.942,00
40	159	1	1	40	R$ 4.770,00	R$ 4.966,00
40	160	1	1	40	R$ 4.800,00	R$ 4.990,00
40	161	1	1	40	R$ 4.830,00	R$ 5.014,00
40	162	1	1	41	R$ 4.860,00	R$ 5.038,00
40	163	1	1	41	R$ 4.890,00	R$ 5.062,00
40	164	1	1	41	R$ 4.920,00	R$ 5.086,00
40	165	1	1	41	R$ 4.950,00	R$ 5.110,00
40	166	1	1	42	R$ 4.980,00	R$ 5.134,00
40	167	1	1	42	R$ 5.010,00	R$ 5.158,00
40	168	1	1	42	R$ 5.040,00	R$ 5.182,00
40	169	1	1	42	R$ 5.070,00	R$ 5.206,00
40	170	1	1	43	R$ 5.100,00	R$ 5.230,00
40	171	1	1	43	R$ 5.130,00	R$ 5.254,00
40	172	1	1	43	R$ 5.160,00	R$ 5.278,00
40	173	1	1	43	R$ 5.190,00	R$ 5.302,00
40	174	1	1	44	R$ 5.220,00	R$ 5.326,00
40	175	1	1	44	R$ 5.250,00	R$ 5.350,00
40	176	1	1	44	R$ 5.280,00	R$ 5.374,00
40	177	1	1	44	R$ 5.310,00	R$ 5.398,00
40	178	1	1	45	R$ 5.340,00	R$ 5.422,00
40	179	1	1	45	R$ 5.370,00	R$ 5.446,00
40	180	1	1	45	R$ 5.400,00	R$ 5.470,00
45	45	0	0	10	R$ 1.350,00	R$ 1.350,00
45	46	0	0	10	R$ 1.380,00	R$ 1.380,00
45	47	0	0	10	R$ 1.410,00	R$ 1.410,00
45	48	0	0	11	R$ 1.440,00	R$ 1.440,00
45	49	0	0	11	R$ 1.470,00	R$ 1.470,00
45	50	0	0	11	R$ 1.500,00	R$ 1.500,00
45	51	0	0	11	R$ 1.530,00	R$ 1.530,00
45	52	0	0	12	R$ 1.560,00	R$ 1.560,00
45	53	0	0	12	R$ 1.590,00	R$ 1.590,00
45	54	0	0	12	R$ 1.620,00	R$ 1.620,00
45	55	0	0	12	R$ 1.650,00	R$ 1.650,00
45	56	0	0	12	R$ 1.680,00	R$ 1.680,00
45	57	0	0	13	R$ 1.710,00	R$ 1.710,00
45	58	0	0	13	R$ 1.740,00	R$ 1.740,00
45	59	0	0	13	R$ 1.770,00	R$ 1.770,00
45	60	0	0	13	R$ 1.800,00	R$ 1.800,00
45	61	0	0	14	R$ 1.830,00	R$ 1.830,00
45	62	0	0	14	R$ 1.860,00	R$ 1.860,00
45	63	0	0	14	R$ 1.890,00	R$ 1.890,00
45	64	0	0	14	R$ 1.920,00	R$ 1.920,00
45	65	0	0	14	R$ 1.950,00	R$ 1.950,00
45	66	0	0	15	R$ 1.980,00	R$ 1.980,00
45	67	0	0	15	R$ 2.010,00	R$ 2.010,00
45	68	0	0	15	R$ 2.040,00	R$ 2.040,00
45	69	0	0	15	R$ 2.070,00	R$ 2.070,00
45	70	0	0	16	R$ 2.100,00	R$ 1.995,00
45	71	0	0	16	R$ 2.130,00	R$ 2.023,50
45	72	0	0	16	R$ 2.160,00	R$ 2.052,00
45	73	0	0	16	R$ 2.190,00	R$ 2.080,50
45	74	0	0	16	R$ 2.220,00	R$ 2.109,00
45	75	0	0	17	R$ 2.250,00	R$ 2.137,50
45	76	0	0	17	R$ 2.280,00	R$ 2.166,00
45	77	0	0	17	R$ 2.310,00	R$ 2.194,50
45	78	0	0	17	R$ 2.340,00	R$ 2.223,00
45	79	0	0	18	R$ 2.370,00	R$ 2.251,50
45	80	0	0	18	R$ 2.400,00	R$ 2.280,00
45	81	0	0	18	R$ 2.430,00	R$ 2.308,50
45	82	0	0	18	R$ 2.460,00	R$ 2.337,00
45	83	0	0	18	R$ 2.490,00	R$ 2.365,50
45	84	0	0	19	R$ 2.520,00	R$ 2.394,00
45	85	0	0	19	R$ 2.550,00	R$ 2.422,50
45	86	0	0	19	R$ 2.580,00	R$ 2.451,00
45	87	0	0	19	R$ 2.610,00	R$ 2.479,50
45	88	0	0	20	R$ 2.640,00	R$ 2.508,00
45	89	0	0	20	R$ 2.670,00	R$ 2.536,50
45	90	0	0	20	R$ 2.700,00	R$ 2.565,00
45	91	0	0	20	R$ 2.730,00	R$ 2.593,50
45	92	0	0	20	R$ 2.760,00	R$ 2.622,00
45	93	0	0	21	R$ 2.790,00	R$ 2.511,00
45	94	0	0	21	R$ 2.820,00	R$ 2.538,00
45	95	0	0	21	R$ 2.850,00	R$ 2.565,00
45	96	0	0	21	R$ 2.880,00	R$ 2.592,00
45	97	0	0	22	R$ 2.910,00	R$ 2.619,00
45	98	0	0	22	R$ 2.940,00	R$ 2.646,00
45	99	0	0	22	R$ 2.970,00	R$ 2.673,00
45	100	0	0	22	R$ 3.000,00	R$ 2.700,00
45	101	0	0	22	R$ 3.030,00	R$ 2.727,00
45	102	0	0	23	R$ 3.060,00	R$ 2.754,00
45	103	0	0	23	R$ 3.090,00	R$ 2.781,00
45	104	0	0	23	R$ 3.120,00	R$ 2.808,00
45	105	0	0	23	R$ 3.150,00	R$ 2.835,00
45	106	0	0	24	R$ 3.180,00	R$ 2.862,00
45	107	0	0	24	R$ 3.210,00	R$ 2.889,00
45	108	0	0	24	R$ 3.240,00	R$ 2.916,00
45	109	0	0	24	R$ 3.270,00	R$ 2.943,00
45	110	0	0	24	R$ 3.300,00	R$ 2.970,00
45	111	0	0	25	R$ 3.330,00	R$ 2.997,00
45	112	0	0	25	R$ 3.360,00	R$ 3.024,00
45	113	0	0	25	R$ 3.390,00	R$ 3.051,00
45	114	0	0	25	R$ 3.420,00	R$ 3.078,00
45	115	0	0	26	R$ 3.450,00	R$ 2.932,50
45	116	0	0	26	R$ 3.480,00	R$ 2.958,00
45	117	0	0	26	R$ 3.510,00	R$ 2.983,50
45	118	0	0	26	R$ 3.540,00	R$ 3.009,00
45	119	0	0	26	R$ 3.570,00	R$ 3.034,50
45	120	0	0	27	R$ 3.600,00	R$ 3.060,00
45	121	0	0	27	R$ 3.630,00	R$ 3.085,50
45	122	0	0	27	R$ 3.660,00	R$ 3.111,00
45	123	0	0	27	R$ 3.690,00	R$ 3.136,50
45	124	0	0	28	R$ 3.720,00	R$ 3.162,00
45	125	0	0	28	R$ 3.750,00	R$ 3.187,50
45	126	0	0	28	R$ 3.780,00	R$ 3.213,00
45	127	0	0	28	R$ 3.810,00	R$ 3.238,50
45	128	0	0	28	R$ 3.840,00	R$ 3.264,00
45	129	0	0	29	R$ 3.870,00	R$ 3.289,50
45	130	0	0	29	R$ 3.900,00	R$ 3.315,00
45	131	0	0	29	R$ 3.930,00	R$ 3.340,50
45	132	0	0	29	R$ 3.960,00	R$ 3.366,00
45	133	0	0	30	R$ 3.990,00	R$ 3.391,50
45	134	0	0	30	R$ 4.020,00	R$ 3.417,00
45	135	0	0	30	R$ 4.050,00	R$ 3.442,50
45	136	0	0	30	R$ 4.080,00	R$ 3.468,00
45	137	0	0	30	R$ 4.110,00	R$ 3.493,50
45	138	0	0	31	R$ 4.140,00	R$ 3.312,00
45	139	0	0	31	R$ 4.170,00	R$ 3.336,00
45	140	0	0	31	R$ 4.200,00	R$ 3.360,00
45	141	0	0	31	R$ 4.230,00	R$ 3.384,00
45	142	0	0	32	R$ 4.260,00	R$ 3.408,00
45	143	0	0	32	R$ 4.290,00	R$ 3.432,00
45	144	0	0	32	R$ 4.320,00	R$ 3.456,00
45	145	0	0	32	R$ 4.350,00	R$ 3.480,00
45	146	0	0	32	R$ 4.380,00	R$ 3.504,00
45	147	0	0	33	R$ 4.410,00	R$ 3.528,00
45	148	0	0	33	R$ 4.440,00	R$ 3.552,00
45	149	0	0	33	R$ 4.470,00	R$ 3.576,00
45	150	0	0	33	R$ 4.500,00	R$ 3.600,00
45	151	0	0	34	R$ 4.530,00	R$ 3.624,00
45	152	0	0	34	R$ 4.560,00	R$ 3.648,00
45	153	0	0	34	R$ 4.590,00	R$ 3.672,00
45	154	0	0	34	R$ 4.620,00	R$ 3.696,00
45	155	0	0	34	R$ 4.650,00	R$ 3.720,00
45	156	0	0	35	R$ 4.680,00	R$ 3.744,00
45	157	0	0	35	R$ 4.710,00	R$ 3.768,00
45	158	0	0	35	R$ 4.740,00	R$ 3.792,00
45	159	0	0	35	R$ 4.770,00	R$ 3.816,00
45	160	0	0	36	R$ 4.800,00	R$ 3.840,00
45	161	0	0	36	R$ 4.830,00	R$ 3.864,00
45	162	0	0	36	R$ 4.860,00	R$ 3.888,00
45	163	0	0	36	R$ 4.890,00	R$ 3.912,00
45	164	0	0	36	R$ 4.920,00	R$ 3.936,00
45	165	0	0	37	R$ 4.950,00	R$ 3.960,00
45	166	0	0	37	R$ 4.980,00	R$ 3.984,00
45	167	0	0	37	R$ 5.010,00	R$ 4.008,00
45	168	0	0	37	R$ 5.040,00	R$ 4.032,00
45	169	0	0	38	R$ 5.070,00	R$ 4.056,00
45	170	0	0	38	R$ 5.100,00	R$ 4.080,00
45	171	0	0	38	R$ 5.130,00	R$ 4.104,00
45	172	0	0	38	R$ 5.160,00	R$ 4.128,00
45	173	0	0	38	R$ 5.190,00	R$ 4.152,00
45	174	0	0	39	R$ 5.220,00	R$ 4.176,00
45	175	0	0	39	R$ 5.250,00	R$ 4.200,00
45	176	0	0	39	R$ 5.280,00	R$ 4.224,00
45	177	0	0	39	R$ 5.310,00	R$ 4.248,00
45	178	0	0	40	R$ 5.340,00	R$ 4.272,00
45	179	0	0	40	R$ 5.370,00	R$ 4.296,00
45	180	0	0	40	R$ 5.400,00	R$ 4.320,00
45	181	0	0	40	R$ 5.430,00	R$ 4.344,00
45	182	0	0	40	R$ 5.460,00	R$ 4.368,00
45	183	0	0	41	R$ 5.490,00	R$ 4.392,00
45	184	0	0	41	R$ 5.520,00	R$ 4.416,00
45	185	0	0	41	R$ 5.550,00	R$ 4.440,00
45	186	0	0	41	R$ 5.580,00	R$ 4.464,00
45	187	0	0	42	R$ 5.610,00	R$ 4.488,00
45	188	0	0	42	R$ 5.640,00	R$ 4.512,00
45	189	0	0	42	R$ 5.670,00	R$ 4.536,00
45	190	0	0	42	R$ 5.700,00	R$ 4.560,00
45	191	0	0	42	R$ 5.730,00	R$ 4.584,00
45	192	0	0	43	R$ 5.760,00	R$ 4.608,00
45	193	0	0	43	R$ 5.790,00	R$ 4.632,00
45	194	0	0	43	R$ 5.820,00	R$ 4.656,00
45	195	0	0	43	R$ 5.850,00	R$ 4.680,00
45	196	0	0	44	R$ 5.880,00	R$ 4.704,00
45	197	0	0	44	R$ 5.910,00	R$ 4.728,00
45	198	0	0	44	R$ 5.940,00	R$ 4.752,00
45	199	0	0	44	R$ 5.970,00	R$ 4.776,00
45	200	0	0	44	R$ 6.000,00	R$ 4.800,00
45	201	0	0	45	R$ 6.030,00	R$ 4.824,00
45	202	0	0	45	R$ 6.060,00	R$ 4.848,00
45	203	0	0	45	R$ 6.090,00	R$ 4.872,00
45	45	1	0	10	R$ 1.350,00	R$ 1.850,00
45	46	1	0	10	R$ 1.380,00	R$ 1.880,00
45	47	1	0	10	R$ 1.410,00	R$ 1.910,00
45	48	1	0	11	R$ 1.440,00	R$ 1.940,00
45	49	1	0	11	R$ 1.470,00	R$ 1.970,00
45	50	1	0	11	R$ 1.500,00	R$ 2.000,00
45	51	1	0	11	R$ 1.530,00	R$ 2.030,00
45	52	1	0	12	R$ 1.560,00	R$ 2.060,00
45	53	1	0	12	R$ 1.590,00	R$ 2.090,00
45	54	1	0	12	R$ 1.620,00	R$ 2.120,00
45	55	1	0	12	R$ 1.650,00	R$ 2.150,00
45	56	1	0	12	R$ 1.680,00	R$ 2.180,00
45	57	1	0	13	R$ 1.710,00	R$ 2.210,00
45	58	1	0	13	R$ 1.740,00	R$ 2.240,00
45	59	1	0	13	R$ 1.770,00	R$ 2.270,00
45	60	1	0	13	R$ 1.800,00	R$ 2.300,00
45	61	1	0	14	R$ 1.830,00	R$ 2.330,00
45	62	1	0	14	R$ 1.860,00	R$ 2.360,00
45	63	1	0	14	R$ 1.890,00	R$ 2.390,00
45	64	1	0	14	R$ 1.920,00	R$ 2.420,00
45	65	1	0	14	R$ 1.950,00	R$ 2.450,00
45	66	1	0	15	R$ 1.980,00	R$ 2.480,00
45	67	1	0	15	R$ 2.010,00	R$ 2.510,00
45	68	1	0	15	R$ 2.040,00	R$ 2.540,00
45	69	1	0	15	R$ 2.070,00	R$ 2.570,00
45	70	1	0	16	R$ 2.100,00	R$ 2.495,00
45	71	1	0	16	R$ 2.130,00	R$ 2.523,50
45	72	1	0	16	R$ 2.160,00	R$ 2.552,00
45	73	1	0	16	R$ 2.190,00	R$ 2.580,50
45	74	1	0	16	R$ 2.220,00	R$ 2.609,00
45	75	1	0	17	R$ 2.250,00	R$ 2.637,50
45	76	1	0	17	R$ 2.280,00	R$ 2.666,00
45	77	1	0	17	R$ 2.310,00	R$ 2.694,50
45	78	1	0	17	R$ 2.340,00	R$ 2.723,00
45	79	1	0	18	R$ 2.370,00	R$ 2.751,50
45	80	1	0	18	R$ 2.400,00	R$ 2.780,00
45	81	1	0	18	R$ 2.430,00	R$ 2.808,50
45	82	1	0	18	R$ 2.460,00	R$ 2.837,00
45	83	1	0	18	R$ 2.490,00	R$ 2.865,50
45	84	1	0	19	R$ 2.520,00	R$ 2.894,00
45	85	1	0	19	R$ 2.550,00	R$ 2.922,50
45	86	1	0	19	R$ 2.580,00	R$ 2.951,00
45	87	1	0	19	R$ 2.610,00	R$ 2.979,50
45	88	1	0	20	R$ 2.640,00	R$ 3.008,00
45	89	1	0	20	R$ 2.670,00	R$ 3.036,50
45	90	1	0	20	R$ 2.700,00	R$ 3.065,00
45	91	1	0	20	R$ 2.730,00	R$ 3.093,50
45	92	1	0	20	R$ 2.760,00	R$ 3.122,00
45	93	1	0	21	R$ 2.790,00	R$ 3.011,00
45	94	1	0	21	R$ 2.820,00	R$ 3.038,00
45	95	1	0	21	R$ 2.850,00	R$ 3.065,00
45	96	1	0	21	R$ 2.880,00	R$ 3.092,00
45	97	1	0	22	R$ 2.910,00	R$ 3.119,00
45	98	1	0	22	R$ 2.940,00	R$ 3.146,00
45	99	1	0	22	R$ 2.970,00	R$ 3.173,00
45	100	1	0	22	R$ 3.000,00	R$ 3.200,00
45	101	1	0	22	R$ 3.030,00	R$ 3.227,00
45	102	1	0	23	R$ 3.060,00	R$ 3.254,00
45	103	1	0	23	R$ 3.090,00	R$ 3.281,00
45	104	1	0	23	R$ 3.120,00	R$ 3.308,00
45	105	1	0	23	R$ 3.150,00	R$ 3.335,00
45	106	1	0	24	R$ 3.180,00	R$ 3.362,00
45	107	1	0	24	R$ 3.210,00	R$ 3.389,00
45	108	1	0	24	R$ 3.240,00	R$ 3.416,00
45	109	1	0	24	R$ 3.270,00	R$ 3.443,00
45	110	1	0	24	R$ 3.300,00	R$ 3.470,00
45	111	1	0	25	R$ 3.330,00	R$ 3.497,00
45	112	1	0	25	R$ 3.360,00	R$ 3.524,00
45	113	1	0	25	R$ 3.390,00	R$ 3.551,00
45	114	1	0	25	R$ 3.420,00	R$ 3.578,00
45	115	1	0	26	R$ 3.450,00	R$ 3.432,50
45	116	1	0	26	R$ 3.480,00	R$ 3.458,00
45	117	1	0	26	R$ 3.510,00	R$ 3.483,50
45	118	1	0	26	R$ 3.540,00	R$ 3.509,00
45	119	1	0	26	R$ 3.570,00	R$ 3.534,50
45	120	1	0	27	R$ 3.600,00	R$ 3.560,00
45	121	1	0	27	R$ 3.630,00	R$ 3.585,50
45	122	1	0	27	R$ 3.660,00	R$ 3.611,00
45	123	1	0	27	R$ 3.690,00	R$ 3.636,50
45	124	1	0	28	R$ 3.720,00	R$ 3.662,00
45	125	1	0	28	R$ 3.750,00	R$ 3.687,50
45	126	1	0	28	R$ 3.780,00	R$ 3.713,00
45	127	1	0	28	R$ 3.810,00	R$ 3.738,50
45	128	1	0	28	R$ 3.840,00	R$ 3.764,00
45	129	1	0	29	R$ 3.870,00	R$ 3.789,50
45	130	1	0	29	R$ 3.900,00	R$ 3.815,00
45	131	1	0	29	R$ 3.930,00	R$ 3.840,50
45	132	1	0	29	R$ 3.960,00	R$ 3.866,00
45	133	1	0	30	R$ 3.990,00	R$ 3.891,50
45	134	1	0	30	R$ 4.020,00	R$ 3.917,00
45	135	1	0	30	R$ 4.050,00	R$ 3.942,50
45	136	1	0	30	R$ 4.080,00	R$ 3.968,00
45	137	1	0	30	R$ 4.110,00	R$ 3.993,50
45	138	1	0	31	R$ 4.140,00	R$ 3.812,00
45	139	1	0	31	R$ 4.170,00	R$ 3.836,00
45	140	1	0	31	R$ 4.200,00	R$ 3.860,00
45	141	1	0	31	R$ 4.230,00	R$ 3.884,00
45	142	1	0	32	R$ 4.260,00	R$ 3.908,00
45	143	1	0	32	R$ 4.290,00	R$ 3.932,00
45	144	1	0	32	R$ 4.320,00	R$ 3.956,00
45	145	1	0	32	R$ 4.350,00	R$ 3.980,00
45	146	1	0	32	R$ 4.380,00	R$ 4.004,00
45	147	1	0	33	R$ 4.410,00	R$ 4.028,00
45	148	1	0	33	R$ 4.440,00	R$ 4.052,00
45	149	1	0	33	R$ 4.470,00	R$ 4.076,00
45	150	1	0	33	R$ 4.500,00	R$ 4.100,00
45	151	1	0	34	R$ 4.530,00	R$ 4.124,00
45	152	1	0	34	R$ 4.560,00	R$ 4.148,00
45	153	1	0	34	R$ 4.590,00	R$ 4.172,00
45	154	1	0	34	R$ 4.620,00	R$ 4.196,00
45	155	1	0	34	R$ 4.650,00	R$ 4.220,00
45	156	1	0	35	R$ 4.680,00	R$ 4.244,00
45	157	1	0	35	R$ 4.710,00	R$ 4.268,00
45	158	1	0	35	R$ 4.740,00	R$ 4.292,00
45	159	1	0	35	R$ 4.770,00	R$ 4.316,00
45	160	1	0	36	R$ 4.800,00	R$ 4.340,00
45	161	1	0	36	R$ 4.830,00	R$ 4.364,00
45	162	1	0	36	R$ 4.860,00	R$ 4.388,00
45	163	1	0	36	R$ 4.890,00	R$ 4.412,00
45	164	1	0	36	R$ 4.920,00	R$ 4.436,00
45	165	1	0	37	R$ 4.950,00	R$ 4.460,00
45	166	1	0	37	R$ 4.980,00	R$ 4.484,00
45	167	1	0	37	R$ 5.010,00	R$ 4.508,00
45	168	1	0	37	R$ 5.040,00	R$ 4.532,00
45	169	1	0	38	R$ 5.070,00	R$ 4.556,00
45	170	1	0	38	R$ 5.100,00	R$ 4.580,00
45	171	1	0	38	R$ 5.130,00	R$ 4.604,00
45	172	1	0	38	R$ 5.160,00	R$ 4.628,00
45	173	1	0	38	R$ 5.190,00	R$ 4.652,00
45	174	1	0	39	R$ 5.220,00	R$ 4.676,00
45	175	1	0	39	R$ 5.250,00	R$ 4.700,00
45	176	1	0	39	R$ 5.280,00	R$ 4.724,00
45	177	1	0	39	R$ 5.310,00	R$ 4.748,00
45	178	1	0	40	R$ 5.340,00	R$ 4.772,00
45	179	1	0	40	R$ 5.370,00	R$ 4.796,00
45	180	1	0	40	R$ 5.400,00	R$ 4.820,00
45	181	1	0	40	R$ 5.430,00	R$ 4.844,00
45	182	1	0	40	R$ 5.460,00	R$ 4.868,00
45	183	1	0	41	R$ 5.490,00	R$ 4.892,00
45	184	1	0	41	R$ 5.520,00	R$ 4.916,00
45	185	1	0	41	R$ 5.550,00	R$ 4.940,00
45	186	1	0	41	R$ 5.580,00	R$ 4.964,00
45	187	1	0	42	R$ 5.610,00	R$ 4.988,00
45	188	1	0	42	R$ 5.640,00	R$ 5.012,00
45	189	1	0	42	R$ 5.670,00	R$ 5.036,00
45	190	1	0	42	R$ 5.700,00	R$ 5.060,00
45	191	1	0	42	R$ 5.730,00	R$ 5.084,00
45	192	1	0	43	R$ 5.760,00	R$ 5.108,00
45	193	1	0	43	R$ 5.790,00	R$ 5.132,00
45	194	1	0	43	R$ 5.820,00	R$ 5.156,00
45	195	1	0	43	R$ 5.850,00	R$ 5.180,00
45	196	1	0	44	R$ 5.880,00	R$ 5.204,00
45	197	1	0	44	R$ 5.910,00	R$ 5.228,00
45	198	1	0	44	R$ 5.940,00	R$ 5.252,00
45	199	1	0	44	R$ 5.970,00	R$ 5.276,00
45	200	1	0	44	R$ 6.000,00	R$ 5.300,00
45	201	1	0	45	R$ 6.030,00	R$ 5.324,00
45	202	1	0	45	R$ 6.060,00	R$ 5.348,00
45	203	1	0	45	R$ 6.090,00	R$ 5.372,00
45	45	0	1	10	R$ 1.350,00	R$ 2.000,00
45	46	0	1	10	R$ 1.380,00	R$ 2.030,00
45	47	0	1	10	R$ 1.410,00	R$ 2.060,00
45	48	0	1	11	R$ 1.440,00	R$ 2.090,00
45	49	0	1	11	R$ 1.470,00	R$ 2.120,00
45	50	0	1	11	R$ 1.500,00	R$ 2.150,00
45	51	0	1	11	R$ 1.530,00	R$ 2.180,00
45	52	0	1	12	R$ 1.560,00	R$ 2.210,00
45	53	0	1	12	R$ 1.590,00	R$ 2.240,00
45	54	0	1	12	R$ 1.620,00	R$ 2.270,00
45	55	0	1	12	R$ 1.650,00	R$ 2.300,00
45	56	0	1	12	R$ 1.680,00	R$ 2.330,00
45	57	0	1	13	R$ 1.710,00	R$ 2.360,00
45	58	0	1	13	R$ 1.740,00	R$ 2.390,00
45	59	0	1	13	R$ 1.770,00	R$ 2.420,00
45	60	0	1	13	R$ 1.800,00	R$ 2.450,00
45	61	0	1	14	R$ 1.830,00	R$ 2.480,00
45	62	0	1	14	R$ 1.860,00	R$ 2.510,00
45	63	0	1	14	R$ 1.890,00	R$ 2.540,00
45	64	0	1	14	R$ 1.920,00	R$ 2.570,00
45	65	0	1	14	R$ 1.950,00	R$ 2.600,00
45	66	0	1	15	R$ 1.980,00	R$ 2.630,00
45	67	0	1	15	R$ 2.010,00	R$ 2.660,00
45	68	0	1	15	R$ 2.040,00	R$ 2.690,00
45	69	0	1	15	R$ 2.070,00	R$ 2.720,00
45	70	0	1	16	R$ 2.100,00	R$ 2.645,00
45	71	0	1	16	R$ 2.130,00	R$ 2.673,50
45	72	0	1	16	R$ 2.160,00	R$ 2.702,00
45	73	0	1	16	R$ 2.190,00	R$ 2.730,50
45	74	0	1	16	R$ 2.220,00	R$ 2.759,00
45	75	0	1	17	R$ 2.250,00	R$ 2.787,50
45	76	0	1	17	R$ 2.280,00	R$ 2.816,00
45	77	0	1	17	R$ 2.310,00	R$ 2.844,50
45	78	0	1	17	R$ 2.340,00	R$ 2.873,00
45	79	0	1	18	R$ 2.370,00	R$ 2.901,50
45	80	0	1	18	R$ 2.400,00	R$ 2.930,00
45	81	0	1	18	R$ 2.430,00	R$ 2.958,50
45	82	0	1	18	R$ 2.460,00	R$ 2.987,00
45	83	0	1	18	R$ 2.490,00	R$ 3.015,50
45	84	0	1	19	R$ 2.520,00	R$ 3.044,00
45	85	0	1	19	R$ 2.550,00	R$ 3.072,50
45	86	0	1	19	R$ 2.580,00	R$ 3.101,00
45	87	0	1	19	R$ 2.610,00	R$ 3.129,50
45	88	0	1	20	R$ 2.640,00	R$ 3.158,00
45	89	0	1	20	R$ 2.670,00	R$ 3.186,50
45	90	0	1	20	R$ 2.700,00	R$ 3.215,00
45	91	0	1	20	R$ 2.730,00	R$ 3.243,50
45	92	0	1	20	R$ 2.760,00	R$ 3.272,00
45	93	0	1	21	R$ 2.790,00	R$ 3.161,00
45	94	0	1	21	R$ 2.820,00	R$ 3.188,00
45	95	0	1	21	R$ 2.850,00	R$ 3.215,00
45	96	0	1	21	R$ 2.880,00	R$ 3.242,00
45	97	0	1	22	R$ 2.910,00	R$ 3.269,00
45	98	0	1	22	R$ 2.940,00	R$ 3.296,00
45	99	0	1	22	R$ 2.970,00	R$ 3.323,00
45	100	0	1	22	R$ 3.000,00	R$ 3.350,00
45	101	0	1	22	R$ 3.030,00	R$ 3.377,00
45	102	0	1	23	R$ 3.060,00	R$ 3.404,00
45	103	0	1	23	R$ 3.090,00	R$ 3.431,00
45	104	0	1	23	R$ 3.120,00	R$ 3.458,00
45	105	0	1	23	R$ 3.150,00	R$ 3.485,00
45	106	0	1	24	R$ 3.180,00	R$ 3.512,00
45	107	0	1	24	R$ 3.210,00	R$ 3.539,00
45	108	0	1	24	R$ 3.240,00	R$ 3.566,00
45	109	0	1	24	R$ 3.270,00	R$ 3.593,00
45	110	0	1	24	R$ 3.300,00	R$ 3.620,00
45	111	0	1	25	R$ 3.330,00	R$ 3.647,00
45	112	0	1	25	R$ 3.360,00	R$ 3.674,00
45	113	0	1	25	R$ 3.390,00	R$ 3.701,00
45	114	0	1	25	R$ 3.420,00	R$ 3.728,00
45	115	0	1	26	R$ 3.450,00	R$ 3.582,50
45	116	0	1	26	R$ 3.480,00	R$ 3.608,00
45	117	0	1	26	R$ 3.510,00	R$ 3.633,50
45	118	0	1	26	R$ 3.540,00	R$ 3.659,00
45	119	0	1	26	R$ 3.570,00	R$ 3.684,50
45	120	0	1	27	R$ 3.600,00	R$ 3.710,00
45	121	0	1	27	R$ 3.630,00	R$ 3.735,50
45	122	0	1	27	R$ 3.660,00	R$ 3.761,00
45	123	0	1	27	R$ 3.690,00	R$ 3.786,50
45	124	0	1	28	R$ 3.720,00	R$ 3.812,00
45	125	0	1	28	R$ 3.750,00	R$ 3.837,50
45	126	0	1	28	R$ 3.780,00	R$ 3.863,00
45	127	0	1	28	R$ 3.810,00	R$ 3.888,50
45	128	0	1	28	R$ 3.840,00	R$ 3.914,00
45	129	0	1	29	R$ 3.870,00	R$ 3.939,50
45	130	0	1	29	R$ 3.900,00	R$ 3.965,00
45	131	0	1	29	R$ 3.930,00	R$ 3.990,50
45	132	0	1	29	R$ 3.960,00	R$ 4.016,00
45	133	0	1	30	R$ 3.990,00	R$ 4.041,50
45	134	0	1	30	R$ 4.020,00	R$ 4.067,00
45	135	0	1	30	R$ 4.050,00	R$ 4.092,50
45	136	0	1	30	R$ 4.080,00	R$ 4.118,00
45	137	0	1	30	R$ 4.110,00	R$ 4.143,50
45	138	0	1	31	R$ 4.140,00	R$ 3.962,00
45	139	0	1	31	R$ 4.170,00	R$ 3.986,00
45	140	0	1	31	R$ 4.200,00	R$ 4.010,00
45	141	0	1	31	R$ 4.230,00	R$ 4.034,00
45	142	0	1	32	R$ 4.260,00	R$ 4.058,00
45	143	0	1	32	R$ 4.290,00	R$ 4.082,00
45	144	0	1	32	R$ 4.320,00	R$ 4.106,00
45	145	0	1	32	R$ 4.350,00	R$ 4.130,00
45	146	0	1	32	R$ 4.380,00	R$ 4.154,00
45	147	0	1	33	R$ 4.410,00	R$ 4.178,00
45	148	0	1	33	R$ 4.440,00	R$ 4.202,00
45	149	0	1	33	R$ 4.470,00	R$ 4.226,00
45	150	0	1	33	R$ 4.500,00	R$ 4.250,00
45	151	0	1	34	R$ 4.530,00	R$ 4.274,00
45	152	0	1	34	R$ 4.560,00	R$ 4.298,00
45	153	0	1	34	R$ 4.590,00	R$ 4.322,00
45	154	0	1	34	R$ 4.620,00	R$ 4.346,00
45	155	0	1	34	R$ 4.650,00	R$ 4.370,00
45	156	0	1	35	R$ 4.680,00	R$ 4.394,00
45	157	0	1	35	R$ 4.710,00	R$ 4.418,00
45	158	0	1	35	R$ 4.740,00	R$ 4.442,00
45	159	0	1	35	R$ 4.770,00	R$ 4.466,00
45	160	0	1	36	R$ 4.800,00	R$ 4.490,00
45	161	0	1	36	R$ 4.830,00	R$ 4.514,00
45	162	0	1	36	R$ 4.860,00	R$ 4.538,00
45	163	0	1	36	R$ 4.890,00	R$ 4.562,00
45	164	0	1	36	R$ 4.920,00	R$ 4.586,00
45	165	0	1	37	R$ 4.950,00	R$ 4.610,00
45	166	0	1	37	R$ 4.980,00	R$ 4.634,00
45	167	0	1	37	R$ 5.010,00	R$ 4.658,00
45	168	0	1	37	R$ 5.040,00	R$ 4.682,00
45	169	0	1	38	R$ 5.070,00	R$ 4.706,00
45	170	0	1	38	R$ 5.100,00	R$ 4.730,00
45	171	0	1	38	R$ 5.130,00	R$ 4.754,00
45	172	0	1	38	R$ 5.160,00	R$ 4.778,00
45	173	0	1	38	R$ 5.190,00	R$ 4.802,00
45	174	0	1	39	R$ 5.220,00	R$ 4.826,00
45	175	0	1	39	R$ 5.250,00	R$ 4.850,00
45	176	0	1	39	R$ 5.280,00	R$ 4.874,00
45	177	0	1	39	R$ 5.310,00	R$ 4.898,00
45	178	0	1	40	R$ 5.340,00	R$ 4.922,00
45	179	0	1	40	R$ 5.370,00	R$ 4.946,00
45	180	0	1	40	R$ 5.400,00	R$ 4.970,00
45	181	0	1	40	R$ 5.430,00	R$ 4.994,00
45	182	0	1	40	R$ 5.460,00	R$ 5.018,00
45	183	0	1	41	R$ 5.490,00	R$ 5.042,00
45	184	0	1	41	R$ 5.520,00	R$ 5.066,00
45	185	0	1	41	R$ 5.550,00	R$ 5.090,00
45	186	0	1	41	R$ 5.580,00	R$ 5.114,00
45	187	0	1	42	R$ 5.610,00	R$ 5.138,00
45	188	0	1	42	R$ 5.640,00	R$ 5.162,00
45	189	0	1	42	R$ 5.670,00	R$ 5.186,00
45	190	0	1	42	R$ 5.700,00	R$ 5.210,00
45	191	0	1	42	R$ 5.730,00	R$ 5.234,00
45	192	0	1	43	R$ 5.760,00	R$ 5.258,00
45	193	0	1	43	R$ 5.790,00	R$ 5.282,00
45	194	0	1	43	R$ 5.820,00	R$ 5.306,00
45	195	0	1	43	R$ 5.850,00	R$ 5.330,00
45	196	0	1	44	R$ 5.880,00	R$ 5.354,00
45	197	0	1	44	R$ 5.910,00	R$ 5.378,00
45	198	0	1	44	R$ 5.940,00	R$ 5.402,00
45	199	0	1	44	R$ 5.970,00	R$ 5.426,00
45	200	0	1	44	R$ 6.000,00	R$ 5.450,00
45	201	0	1	45	R$ 6.030,00	R$ 5.474,00
45	202	0	1	45	R$ 6.060,00	R$ 5.498,00
45	203	0	1	45	R$ 6.090,00	R$ 5.522,00
45	45	1	1	10	R$ 1.350,00	R$ 2.500,00
45	46	1	1	10	R$ 1.380,00	R$ 2.530,00
45	47	1	1	10	R$ 1.410,00	R$ 2.560,00
45	48	1	1	11	R$ 1.440,00	R$ 2.590,00
45	49	1	1	11	R$ 1.470,00	R$ 2.620,00
45	50	1	1	11	R$ 1.500,00	R$ 2.650,00
45	51	1	1	11	R$ 1.530,00	R$ 2.680,00
45	52	1	1	12	R$ 1.560,00	R$ 2.710,00
45	53	1	1	12	R$ 1.590,00	R$ 2.740,00
45	54	1	1	12	R$ 1.620,00	R$ 2.770,00
45	55	1	1	12	R$ 1.650,00	R$ 2.800,00
45	56	1	1	12	R$ 1.680,00	R$ 2.830,00
45	57	1	1	13	R$ 1.710,00	R$ 2.860,00
45	58	1	1	13	R$ 1.740,00	R$ 2.890,00
45	59	1	1	13	R$ 1.770,00	R$ 2.920,00
45	60	1	1	13	R$ 1.800,00	R$ 2.950,00
45	61	1	1	14	R$ 1.830,00	R$ 2.980,00
45	62	1	1	14	R$ 1.860,00	R$ 3.010,00
45	63	1	1	14	R$ 1.890,00	R$ 3.040,00
45	64	1	1	14	R$ 1.920,00	R$ 3.070,00
45	65	1	1	14	R$ 1.950,00	R$ 3.100,00
45	66	1	1	15	R$ 1.980,00	R$ 3.130,00
45	67	1	1	15	R$ 2.010,00	R$ 3.160,00
45	68	1	1	15	R$ 2.040,00	R$ 3.190,00
45	69	1	1	15	R$ 2.070,00	R$ 3.220,00
45	70	1	1	16	R$ 2.100,00	R$ 3.145,00
45	71	1	1	16	R$ 2.130,00	R$ 3.173,50
45	72	1	1	16	R$ 2.160,00	R$ 3.202,00
45	73	1	1	16	R$ 2.190,00	R$ 3.230,50
45	74	1	1	16	R$ 2.220,00	R$ 3.259,00
45	75	1	1	17	R$ 2.250,00	R$ 3.287,50
45	76	1	1	17	R$ 2.280,00	R$ 3.316,00
45	77	1	1	17	R$ 2.310,00	R$ 3.344,50
45	78	1	1	17	R$ 2.340,00	R$ 3.373,00
45	79	1	1	18	R$ 2.370,00	R$ 3.401,50
45	80	1	1	18	R$ 2.400,00	R$ 3.430,00
45	81	1	1	18	R$ 2.430,00	R$ 3.458,50
45	82	1	1	18	R$ 2.460,00	R$ 3.487,00
45	83	1	1	18	R$ 2.490,00	R$ 3.515,50
45	84	1	1	19	R$ 2.520,00	R$ 3.544,00
45	85	1	1	19	R$ 2.550,00	R$ 3.572,50
45	86	1	1	19	R$ 2.580,00	R$ 3.601,00
45	87	1	1	19	R$ 2.610,00	R$ 3.629,50
45	88	1	1	20	R$ 2.640,00	R$ 3.658,00
45	89	1	1	20	R$ 2.670,00	R$ 3.686,50
45	90	1	1	20	R$ 2.700,00	R$ 3.715,00
45	91	1	1	20	R$ 2.730,00	R$ 3.743,50
45	92	1	1	20	R$ 2.760,00	R$ 3.772,00
45	93	1	1	21	R$ 2.790,00	R$ 3.661,00
45	94	1	1	21	R$ 2.820,00	R$ 3.688,00
45	95	1	1	21	R$ 2.850,00	R$ 3.715,00
45	96	1	1	21	R$ 2.880,00	R$ 3.742,00
45	97	1	1	22	R$ 2.910,00	R$ 3.769,00
45	98	1	1	22	R$ 2.940,00	R$ 3.796,00
45	99	1	1	22	R$ 2.970,00	R$ 3.823,00
45	100	1	1	22	R$ 3.000,00	R$ 3.850,00
45	101	1	1	22	R$ 3.030,00	R$ 3.877,00
45	102	1	1	23	R$ 3.060,00	R$ 3.904,00
45	103	1	1	23	R$ 3.090,00	R$ 3.931,00
45	104	1	1	23	R$ 3.120,00	R$ 3.958,00
45	105	1	1	23	R$ 3.150,00	R$ 3.985,00
45	106	1	1	24	R$ 3.180,00	R$ 4.012,00
45	107	1	1	24	R$ 3.210,00	R$ 4.039,00
45	108	1	1	24	R$ 3.240,00	R$ 4.066,00
45	109	1	1	24	R$ 3.270,00	R$ 4.093,00
45	110	1	1	24	R$ 3.300,00	R$ 4.120,00
45	111	1	1	25	R$ 3.330,00	R$ 4.147,00
45	112	1	1	25	R$ 3.360,00	R$ 4.174,00
45	113	1	1	25	R$ 3.390,00	R$ 4.201,00
45	114	1	1	25	R$ 3.420,00	R$ 4.228,00
45	115	1	1	26	R$ 3.450,00	R$ 4.082,50
45	116	1	1	26	R$ 3.480,00	R$ 4.108,00
45	117	1	1	26	R$ 3.510,00	R$ 4.133,50
45	118	1	1	26	R$ 3.540,00	R$ 4.159,00
45	119	1	1	26	R$ 3.570,00	R$ 4.184,50
45	120	1	1	27	R$ 3.600,00	R$ 4.210,00
45	121	1	1	27	R$ 3.630,00	R$ 4.235,50
45	122	1	1	27	R$ 3.660,00	R$ 4.261,00
45	123	1	1	27	R$ 3.690,00	R$ 4.286,50
45	124	1	1	28	R$ 3.720,00	R$ 4.312,00
45	125	1	1	28	R$ 3.750,00	R$ 4.337,50
45	126	1	1	28	R$ 3.780,00	R$ 4.363,00
45	127	1	1	28	R$ 3.810,00	R$ 4.388,50
45	128	1	1	28	R$ 3.840,00	R$ 4.414,00
45	129	1	1	29	R$ 3.870,00	R$ 4.439,50
45	130	1	1	29	R$ 3.900,00	R$ 4.465,00
45	131	1	1	29	R$ 3.930,00	R$ 4.490,50
45	132	1	1	29	R$ 3.960,00	R$ 4.516,00
45	133	1	1	30	R$ 3.990,00	R$ 4.541,50
45	134	1	1	30	R$ 4.020,00	R$ 4.567,00
45	135	1	1	30	R$ 4.050,00	R$ 4.592,50
45	136	1	1	30	R$ 4.080,00	R$ 4.618,00
45	137	1	1	30	R$ 4.110,00	R$ 4.643,50
45	138	1	1	31	R$ 4.140,00	R$ 4.462,00
45	139	1	1	31	R$ 4.170,00	R$ 4.486,00
45	140	1	1	31	R$ 4.200,00	R$ 4.510,00
45	141	1	1	31	R$ 4.230,00	R$ 4.534,00
45	142	1	1	32	R$ 4.260,00	R$ 4.558,00
45	143	1	1	32	R$ 4.290,00	R$ 4.582,00
45	144	1	1	32	R$ 4.320,00	R$ 4.606,00
45	145	1	1	32	R$ 4.350,00	R$ 4.630,00
45	146	1	1	32	R$ 4.380,00	R$ 4.654,00
45	147	1	1	33	R$ 4.410,00	R$ 4.678,00
45	148	1	1	33	R$ 4.440,00	R$ 4.702,00
45	149	1	1	33	R$ 4.470,00	R$ 4.726,00
45	150	1	1	33	R$ 4.500,00	R$ 4.750,00
45	151	1	1	34	R$ 4.530,00	R$ 4.774,00
45	152	1	1	34	R$ 4.560,00	R$ 4.798,00
45	153	1	1	34	R$ 4.590,00	R$ 4.822,00
45	154	1	1	34	R$ 4.620,00	R$ 4.846,00
45	155	1	1	34	R$ 4.650,00	R$ 4.870,00
45	156	1	1	35	R$ 4.680,00	R$ 4.894,00
45	157	1	1	35	R$ 4.710,00	R$ 4.918,00
45	158	1	1	35	R$ 4.740,00	R$ 4.942,00
45	159	1	1	35	R$ 4.770,00	R$ 4.966,00
45	160	1	1	36	R$ 4.800,00	R$ 4.990,00
45	161	1	1	36	R$ 4.830,00	R$ 5.014,00
45	162	1	1	36	R$ 4.860,00	R$ 5.038,00
45	163	1	1	36	R$ 4.890,00	R$ 5.062,00
45	164	1	1	36	R$ 4.920,00	R$ 5.086,00
45	165	1	1	37	R$ 4.950,00	R$ 5.110,00
45	166	1	1	37	R$ 4.980,00	R$ 5.134,00
45	167	1	1	37	R$ 5.010,00	R$ 5.158,00
45	168	1	1	37	R$ 5.040,00	R$ 5.182,00
45	169	1	1	38	R$ 5.070,00	R$ 5.206,00
45	170	1	1	38	R$ 5.100,00	R$ 5.230,00
45	171	1	1	38	R$ 5.130,00	R$ 5.254,00
45	172	1	1	38	R$ 5.160,00	R$ 5.278,00
45	173	1	1	38	R$ 5.190,00	R$ 5.302,00
45	174	1	1	39	R$ 5.220,00	R$ 5.326,00
45	175	1	1	39	R$ 5.250,00	R$ 5.350,00
45	176	1	1	39	R$ 5.280,00	R$ 5.374,00
45	177	1	1	39	R$ 5.310,00	R$ 5.398,00
45	178	1	1	40	R$ 5.340,00	R$ 5.422,00
45	179	1	1	40	R$ 5.370,00	R$ 5.446,00
45	180	1	1	40	R$ 5.400,00	R$ 5.470,00
45	181	1	1	40	R$ 5.430,00	R$ 5.494,00
45	182	1	1	40	R$ 5.460,00	R$ 5.518,00
45	183	1	1	41	R$ 5.490,00	R$ 5.542,00
45	184	1	1	41	R$ 5.520,00	R$ 5.566,00
45	185	1	1	41	R$ 5.550,00	R$ 5.590,00
45	186	1	1	41	R$ 5.580,00	R$ 5.614,00
45	187	1	1	42	R$ 5.610,00	R$ 5.638,00
45	188	1	1	42	R$ 5.640,00	R$ 5.662,00
45	189	1	1	42	R$ 5.670,00	R$ 5.686,00
45	190	1	1	42	R$ 5.700,00	R$ 5.710,00
45	191	1	1	42	R$ 5.730,00	R$ 5.734,00
45	192	1	1	43	R$ 5.760,00	R$ 5.758,00
45	193	1	1	43	R$ 5.790,00	R$ 5.782,00
45	194	1	1	43	R$ 5.820,00	R$ 5.806,00
45	195	1	1	43	R$ 5.850,00	R$ 5.830,00
45	196	1	1	44	R$ 5.880,00	R$ 5.854,00
45	197	1	1	44	R$ 5.910,00	R$ 5.878,00
45	198	1	1	44	R$ 5.940,00	R$ 5.902,00
45	199	1	1	44	R$ 5.970,00	R$ 5.926,00
45	200	1	1	44	R$ 6.000,00	R$ 5.950,00
45	201	1	1	45	R$ 6.030,00	R$ 5.974,00
45	202	1	1	45	R$ 6.060,00	R$ 5.998,00
45	203	1	1	45	R$ 6.090,00	R$ 6.022,00
